slug,headline,summary,published_at,stock_number,vin,year,make,model,trim,condition,status,body_style,fuel_type,exterior_color,mileage,cost,list_price,sale_price,gross_margin,days_in_stock,location,salesperson,lead_channel,acquired_at,sold_at
2022-bmw-x3-platinum-stk00001,2022 BMW X3 Platinum,"Certified BMW X3 at the North Lot location with 56,914 miles and available status.",2025-08-20,STK00001,FAKEVIN00000000001,2022,BMW,X3,Platinum,Certified,Available,Truck,Hybrid,Champagne,56914,74824,86119,,11295,134,Westside,,,2025-08-20,
2025-nissan-pathfinder-se-stk00002,2025 Nissan Pathfinder SE,New Nissan Pathfinder at the Downtown location with 0 miles and sold status.,2025-10-25,STK00002,FAKEVIN00000000002,2025,Nissan,Pathfinder,SE,New,Sold,SUV,Electric,White,0,42218,46923,45488,3270,68,Airport,Priya Shah,Walk-in,2025-10-25,2026-01-23
2022-honda-civic-premium-stk00003,2022 Honda Civic Premium,New Honda Civic at the Airport location with 0 miles and available status.,2025-12-09,STK00003,FAKEVIN00000000003,2022,Honda,Civic,Premium,New,Available,Truck,Electric,Black,0,32418,41338,,8920,23,Westside,,,2025-12-09,
2022-bmw-m240i-limited-stk00004,2022 BMW M240i Limited,"Used BMW M240i at the Online Hold location with 68,649 miles and available status.",2025-08-31,STK00004,FAKEVIN00000000004,2022,BMW,M240i,Limited,Used,Available,SUV,Gasoline,Black,68649,19927,30831,,10904,123,North Lot,,,2025-08-31,
2022-chevrolet-traverse-ex-l-stk00005,2022 Chevrolet Traverse EX-L,"Certified Chevrolet Traverse at the Airport location with 36,483 miles and sold status.",2025-08-10,STK00005,FAKEVIN00000000005,2022,Chevrolet,Traverse,EX-L,Certified,Sold,Truck,Electric,Champagne,36483,30924,37303,35051,4127,144,Westside,Leah Brooks,Website,2025-08-10,2026-01-19
2023-tesla-model-3-premium-stk00006,2023 Tesla Model 3 Premium,"Used Tesla Model 3 at the Westside location with 80,775 miles and reserved status.",2025-11-28,STK00006,FAKEVIN00000000006,2023,Tesla,Model 3,Premium,Used,Reserved,Sedan,Gasoline,Silver,80775,53571,59545,,5974,34,Westside,,,2025-11-28,
2027-nissan-pathfinder-se-stk00007,2027 Nissan Pathfinder SE,New Nissan Pathfinder at the Downtown location with 0 miles and reserved status.,2025-10-14,STK00007,FAKEVIN00000000007,2027,Nissan,Pathfinder,SE,New,Reserved,Truck,Diesel,Champagne,0,55595,62840,,7245,79,North Lot,,,2025-10-14,
2024-hyundai-palisade-touring-stk00008,2024 Hyundai Palisade Touring,New Hyundai Palisade at the North Lot location with 0 miles and sold status.,2025-09-12,STK00008,FAKEVIN00000000008,2024,Hyundai,Palisade,Touring,New,Sold,Coupe,Gasoline,Champagne,0,41998,45844,45413,3415,111,Airport,Ana Costa,Phone,2025-09-12,2026-07-03
2024-kia-sportage-base-stk00009,2024 Kia Sportage Base,"Used Kia Sportage at the Westside location with 28,327 miles and sold status.",2025-09-24,STK00009,FAKEVIN00000000009,2024,Kia,Sportage,Base,Used,Sold,Coupe,Diesel,White,28327,27834,37771,36945,9111,99,Westside,Joao Mendez,Referral,2025-09-24,2026-06-22
2021-toyota-tacoma-premium-stk00010,2021 Toyota Tacoma Premium,"Used Toyota Tacoma at the Westside location with 77,212 miles and available status.",2025-09-23,STK00010,FAKEVIN00000000010,2021,Toyota,Tacoma,Premium,Used,Available,SUV,Electric,Gray,77212,26995,31623,,4628,100,Downtown,,,2025-09-23,
2016-hyundai-palisade-xle-stk00011,2016 Hyundai Palisade XLE,"Used Hyundai Palisade at the Online Hold location with 27,354 miles and sold status.",2025-12-30,STK00011,FAKEVIN00000000011,2016,Hyundai,Palisade,XLE,Used,Sold,Sedan,Gasoline,Red,27354,37906,43236,42257,4351,2,North Lot,Mateo Silva,Website,2025-12-30,2026-05-04
2022-ford-escape-premium-stk00012,2022 Ford Escape Premium,"Used Ford Escape at the North Lot location with 74,764 miles and sold status.",2025-10-01,STK00012,FAKEVIN00000000012,2022,Ford,Escape,Premium,Used,Sold,Truck,Hybrid,Red,74764,56258,67400,66661,10403,92,Airport,Miles Grant,Referral,2025-10-01,2026-05-15
2026-bmw-530i-ex-l-stk00013,2026 BMW 530i EX-L,New BMW 530i at the Online Hold location with 0 miles and available status.,2025-07-29,STK00013,FAKEVIN00000000013,2026,BMW,530i,EX-L,New,Available,Hatchback,Hybrid,White,0,41650,49569,,7919,156,Airport,,,2025-07-29,
2024-kia-k5-platinum-stk00014,2024 Kia K5 Platinum,"Used Kia K5 at the Downtown location with 41,437 miles and reserved status.",2025-10-30,STK00014,FAKEVIN00000000014,2024,Kia,K5,Platinum,Used,Reserved,Coupe,Hybrid,Blue,41437,31111,38625,,7514,63,Downtown,,,2025-10-30,
2025-chevrolet-silverado-sel-stk00015,2025 Chevrolet Silverado SEL,New Chevrolet Silverado at the Online Hold location with 0 miles and sold status.,2025-07-20,STK00015,FAKEVIN00000000015,2025,Chevrolet,Silverado,SEL,New,Sold,Hatchback,Diesel,White,0,28720,30712,29464,744,165,Westside,Priya Shah,Marketplace,2025-07-20,2026-02-24
2021-kia-sorento-base-stk00016,2021 Kia Sorento Base,New Kia Sorento at the Downtown location with 0 miles and sold status.,2025-09-11,STK00016,FAKEVIN00000000016,2021,Kia,Sorento,Base,New,Sold,SUV,Diesel,Red,0,60014,69591,68167,8153,112,Airport,Iris Chen,Walk-in,2025-09-11,2026-07-15
2023-chevrolet-traverse-touring-stk00017,2023 Chevrolet Traverse Touring,"Certified Chevrolet Traverse at the Westside location with 82,409 miles and service hold status.",2025-09-11,STK00017,FAKEVIN00000000017,2023,Chevrolet,Traverse,Touring,Certified,Service Hold,Coupe,Gasoline,Green,82409,54215,61362,,7147,112,Airport,,,2025-09-11,
2021-mercedes-benz-glc-300-touring-stk00018,2021 Mercedes-Benz GLC 300 Touring,New Mercedes-Benz GLC 300 at the Online Hold location with 0 miles and in transit status.,2025-10-24,STK00018,FAKEVIN00000000018,2021,Mercedes-Benz,GLC 300,Touring,New,In Transit,Sedan,Gasoline,Silver,0,32451,39104,,6653,69,Online Hold,,,2025-10-24,
2024-hyundai-sonata-base-stk00019,2024 Hyundai Sonata Base,"Used Hyundai Sonata at the Downtown location with 89,766 miles and available status.",2025-07-07,STK00019,FAKEVIN00000000019,2024,Hyundai,Sonata,Base,Used,Available,SUV,Hybrid,Black,89766,73786,84441,,10655,178,North Lot,,,2025-07-07,
2018-tesla-model-x-sel-stk00020,2018 Tesla Model X SEL,"Used Tesla Model X at the Online Hold location with 17,994 miles and available status.",2025-07-10,STK00020,FAKEVIN00000000020,2018,Tesla,Model X,SEL,Used,Available,Sedan,Hybrid,Champagne,17994,27826,33076,,5250,175,Westside,,,2025-07-10,
2019-tesla-model-3-sport-stk00021,2019 Tesla Model 3 Sport,"Used Tesla Model 3 at the Westside location with 84,057 miles and sold status.",2025-09-22,STK00021,FAKEVIN00000000021,2019,Tesla,Model 3,Sport,Used,Sold,Truck,Hybrid,Blue,84057,48019,50984,48341,322,101,Online Hold,Miles Grant,Website,2025-09-22,2026-01-19
2023-hyundai-tucson-base-stk00022,2023 Hyundai Tucson Base,"Certified Hyundai Tucson at the Airport location with 16,025 miles and available status.",2025-08-10,STK00022,FAKEVIN00000000022,2023,Hyundai,Tucson,Base,Certified,Available,Truck,Diesel,Champagne,16025,26843,33642,,6799,144,North Lot,,,2025-08-10,
2027-chevrolet-traverse-touring-stk00023,2027 Chevrolet Traverse Touring,"Certified Chevrolet Traverse at the Online Hold location with 13,001 miles and sold status.",2025-08-17,STK00023,FAKEVIN00000000023,2027,Chevrolet,Traverse,Touring,Certified,Sold,SUV,Hybrid,Silver,13001,36952,42778,42316,5364,137,Airport,Joao Mendez,Marketplace,2025-08-17,2026-05-04
2021-ford-mustang-sport-stk00024,2021 Ford Mustang Sport,New Ford Mustang at the North Lot location with 0 miles and in transit status.,2025-10-11,STK00024,FAKEVIN00000000024,2021,Ford,Mustang,Sport,New,In Transit,Coupe,Electric,Gray,0,30294,36085,,5791,82,North Lot,,,2025-10-11,
2026-honda-cr-v-premium-stk00025,2026 Honda CR-V Premium,New Honda CR-V at the Westside location with 0 miles and available status.,2025-07-12,STK00025,FAKEVIN00000000025,2026,Honda,CR-V,Premium,New,Available,Coupe,Hybrid,Champagne,0,22297,32838,,10541,173,North Lot,,,2025-07-12,
2017-mercedes-benz-gle-350-touring-stk00026,2017 Mercedes-Benz GLE 350 Touring,"Used Mercedes-Benz GLE 350 at the Downtown location with 61,524 miles and sold status.",2025-09-19,STK00026,FAKEVIN00000000026,2017,Mercedes-Benz,GLE 350,Touring,Used,Sold,Van,Diesel,Red,61524,73534,80794,78184,4650,104,Airport,Mateo Silva,Marketplace,2025-09-19,2026-04-23
2017-nissan-pathfinder-base-stk00027,2017 Nissan Pathfinder Base,"Used Nissan Pathfinder at the Downtown location with 47,267 miles and available status.",2025-12-10,STK00027,FAKEVIN00000000027,2017,Nissan,Pathfinder,Base,Used,Available,Hatchback,Diesel,Blue,47267,45828,55685,,9857,22,North Lot,,,2025-12-10,
2024-nissan-frontier-touring-stk00028,2024 Nissan Frontier Touring,New Nissan Frontier at the Westside location with 0 miles and in transit status.,2025-08-27,STK00028,FAKEVIN00000000028,2024,Nissan,Frontier,Touring,New,In Transit,Coupe,Gasoline,Silver,0,34520,39678,,5158,127,Westside,,,2025-08-27,
2025-tesla-model-y-premium-stk00029,2025 Tesla Model Y Premium,"Used Tesla Model Y at the North Lot location with 16,577 miles and sold status.",2025-10-25,STK00029,FAKEVIN00000000029,2025,Tesla,Model Y,Premium,Used,Sold,SUV,Gasoline,Green,16577,60625,71161,69222,8597,68,Westside,Noah Kim,Website,2025-10-25,2026-01-29
2021-toyota-highlander-touring-stk00030,2021 Toyota Highlander Touring,"Certified Toyota Highlander at the North Lot location with 88,930 miles and reserved status.",2025-12-03,STK00030,FAKEVIN00000000030,2021,Toyota,Highlander,Touring,Certified,Reserved,Hatchback,Hybrid,Black,88930,20026,25624,,5598,29,Online Hold,,,2025-12-03,
2025-ford-explorer-premium-stk00031,2025 Ford Explorer Premium,"Used Ford Explorer at the Downtown location with 53,934 miles and reserved status.",2025-12-03,STK00031,FAKEVIN00000000031,2025,Ford,Explorer,Premium,Used,Reserved,Hatchback,Electric,Gray,53934,67597,74557,,6960,29,Online Hold,,,2025-12-03,
2023-mercedes-benz-gle-350-platinum-stk00032,2023 Mercedes-Benz GLE 350 Platinum,"Certified Mercedes-Benz GLE 350 at the Westside location with 21,287 miles and sold status.",2025-07-28,STK00032,FAKEVIN00000000032,2023,Mercedes-Benz,GLE 350,Platinum,Certified,Sold,SUV,Electric,Gray,21287,56632,63020,61489,4857,157,Downtown,Leah Brooks,Phone,2025-07-28,2026-01-03
2022-toyota-corolla-xle-stk00033,2022 Toyota Corolla XLE,New Toyota Corolla at the Westside location with 0 miles and sold status.,2025-11-20,STK00033,FAKEVIN00000000033,2022,Toyota,Corolla,XLE,New,Sold,Sedan,Electric,Red,0,54657,65140,63032,8375,42,North Lot,Priya Shah,Walk-in,2025-11-20,2026-07-15
2023-toyota-corolla-platinum-stk00034,2023 Toyota Corolla Platinum,"Used Toyota Corolla at the Westside location with 64,748 miles and available status.",2025-08-07,STK00034,FAKEVIN00000000034,2023,Toyota,Corolla,Platinum,Used,Available,Sedan,Gasoline,Red,64748,62445,66349,,3904,147,North Lot,,,2025-08-07,
2023-chevrolet-malibu-premium-stk00035,2023 Chevrolet Malibu Premium,New Chevrolet Malibu at the Online Hold location with 0 miles and reserved status.,2025-09-04,STK00035,FAKEVIN00000000035,2023,Chevrolet,Malibu,Premium,New,Reserved,Van,Gasoline,Gray,0,28751,39945,,11194,119,Downtown,,,2025-09-04,
2023-mercedes-benz-cla-250-sport-stk00036,2023 Mercedes-Benz CLA 250 Sport,New Mercedes-Benz CLA 250 at the Downtown location with 0 miles and in transit status.,2025-09-25,STK00036,FAKEVIN00000000036,2023,Mercedes-Benz,CLA 250,Sport,New,In Transit,Van,Diesel,Green,0,75313,85168,,9855,98,Westside,,,2025-09-25,
2021-tesla-model-s-premium-stk00037,2021 Tesla Model S Premium,"Used Tesla Model S at the Airport location with 80,362 miles and in transit status.",2025-11-20,STK00037,FAKEVIN00000000037,2021,Tesla,Model S,Premium,Used,In Transit,Sedan,Gasoline,Green,80362,68339,76161,,7822,42,Online Hold,,,2025-11-20,
2027-chevrolet-malibu-base-stk00038,2027 Chevrolet Malibu Base,New Chevrolet Malibu at the Westside location with 0 miles and in transit status.,2025-09-01,STK00038,FAKEVIN00000000038,2027,Chevrolet,Malibu,Base,New,In Transit,Coupe,Electric,Red,0,59572,65001,,5429,122,Westside,,,2025-09-01,
2025-nissan-sentra-touring-stk00039,2025 Nissan Sentra Touring,"Used Nissan Sentra at the Online Hold location with 19,060 miles and in transit status.",2025-09-04,STK00039,FAKEVIN00000000039,2025,Nissan,Sentra,Touring,Used,In Transit,Van,Gasoline,Blue,19060,26403,34082,,7679,119,Online Hold,,,2025-09-04,
2022-bmw-x3-base-stk00040,2022 BMW X3 Base,"Certified BMW X3 at the Airport location with 15,591 miles and sold status.",2025-08-26,STK00040,FAKEVIN00000000040,2022,BMW,X3,Base,Certified,Sold,Truck,Electric,Champagne,15591,23054,32717,30071,7017,128,Airport,Ana Costa,Walk-in,2025-08-26,2026-07-04
2025-toyota-highlander-premium-stk00041,2025 Toyota Highlander Premium,"Certified Toyota Highlander at the Airport location with 20,701 miles and available status.",2025-08-06,STK00041,FAKEVIN00000000041,2025,Toyota,Highlander,Premium,Certified,Available,Truck,Hybrid,Green,20701,33020,41622,,8602,148,North Lot,,,2025-08-06,
2027-nissan-sentra-xle-stk00042,2027 Nissan Sentra XLE,New Nissan Sentra at the Westside location with 0 miles and in transit status.,2025-07-14,STK00042,FAKEVIN00000000042,2027,Nissan,Sentra,XLE,New,In Transit,Hatchback,Hybrid,Gray,0,65038,75300,,10262,171,Online Hold,,,2025-07-14,
2027-hyundai-elantra-sport-stk00043,2027 Hyundai Elantra Sport,"Certified Hyundai Elantra at the Downtown location with 78,938 miles and available status.",2025-12-08,STK00043,FAKEVIN00000000043,2027,Hyundai,Elantra,Sport,Certified,Available,SUV,Gasoline,White,78938,38510,47823,,9313,24,Online Hold,,,2025-12-08,
2023-tesla-model-x-sport-stk00044,2023 Tesla Model X Sport,"Certified Tesla Model X at the Downtown location with 72,234 miles and sold status.",2025-08-04,STK00044,FAKEVIN00000000044,2023,Tesla,Model X,Sport,Certified,Sold,Truck,Diesel,White,72234,29260,33000,31326,2066,150,Downtown,Joao Mendez,Marketplace,2025-08-04,2026-02-28
2022-mercedes-benz-gle-350-xle-stk00045,2022 Mercedes-Benz GLE 350 XLE,"Used Mercedes-Benz GLE 350 at the Airport location with 37,081 miles and sold status.",2025-10-27,STK00045,FAKEVIN00000000045,2022,Mercedes-Benz,GLE 350,XLE,Used,Sold,Sedan,Electric,Green,37081,67821,79493,79080,11259,66,Downtown,Leah Brooks,Website,2025-10-27,2026-05-16
2023-bmw-530i-sport-stk00046,2023 BMW 530i Sport,"Used BMW 530i at the Downtown location with 58,401 miles and sold status.",2025-11-28,STK00046,FAKEVIN00000000046,2023,BMW,530i,Sport,Used,Sold,Coupe,Gasoline,Black,58401,21466,25146,24779,3313,34,North Lot,Miles Grant,Referral,2025-11-28,2026-02-03
2020-bmw-330i-platinum-stk00047,2020 BMW 330i Platinum,"Used BMW 330i at the Online Hold location with 65,293 miles and reserved status.",2025-10-20,STK00047,FAKEVIN00000000047,2020,BMW,330i,Platinum,Used,Reserved,Truck,Diesel,Champagne,65293,73520,78828,,5308,73,Westside,,,2025-10-20,
2023-nissan-sentra-limited-stk00048,2023 Nissan Sentra Limited,"Certified Nissan Sentra at the Westside location with 76,647 miles and sold status.",2025-11-20,STK00048,FAKEVIN00000000048,2023,Nissan,Sentra,Limited,Certified,Sold,Sedan,Gasoline,Silver,76647,30345,41354,40151,9806,42,Online Hold,Ana Costa,Phone,2025-11-20,2026-04-11
2020-hyundai-sonata-sport-stk00049,2020 Hyundai Sonata Sport,"Used Hyundai Sonata at the Online Hold location with 76,802 miles and available status.",2025-11-27,STK00049,FAKEVIN00000000049,2020,Hyundai,Sonata,Sport,Used,Available,Van,Hybrid,Black,76802,27136,30898,,3762,35,Airport,,,2025-11-27,
2025-chevrolet-traverse-premium-stk00050,2025 Chevrolet Traverse Premium,New Chevrolet Traverse at the Online Hold location with 0 miles and reserved status.,2025-09-21,STK00050,FAKEVIN00000000050,2025,Chevrolet,Traverse,Premium,New,Reserved,Van,Diesel,Black,0,20171,27575,,7404,102,Airport,,,2025-09-21,
2016-hyundai-sonata-platinum-stk00051,2016 Hyundai Sonata Platinum,"Used Hyundai Sonata at the North Lot location with 63,214 miles and in transit status.",2025-11-20,STK00051,FAKEVIN00000000051,2016,Hyundai,Sonata,Platinum,Used,In Transit,Sedan,Diesel,White,63214,53400,57310,,3910,42,Westside,,,2025-11-20,
2025-ford-explorer-se-stk00052,2025 Ford Explorer SE,New Ford Explorer at the Downtown location with 0 miles and service hold status.,2025-11-28,STK00052,FAKEVIN00000000052,2025,Ford,Explorer,SE,New,Service Hold,SUV,Gasoline,Blue,0,44429,55635,,11206,34,Airport,,,2025-11-28,
2016-mercedes-benz-gle-350-premium-stk00053,2016 Mercedes-Benz GLE 350 Premium,"Used Mercedes-Benz GLE 350 at the Westside location with 27,763 miles and reserved status.",2025-12-02,STK00053,FAKEVIN00000000053,2016,Mercedes-Benz,GLE 350,Premium,Used,Reserved,Hatchback,Hybrid,White,27763,50976,61509,,10533,30,Online Hold,,,2025-12-02,
2025-hyundai-elantra-base-stk00054,2025 Hyundai Elantra Base,New Hyundai Elantra at the North Lot location with 0 miles and sold status.,2025-09-19,STK00054,FAKEVIN00000000054,2025,Hyundai,Elantra,Base,New,Sold,SUV,Diesel,Gray,0,58091,65955,64029,5938,104,Westside,Leah Brooks,Marketplace,2025-09-19,2026-02-23
2024-ford-escape-limited-stk00055,2024 Ford Escape Limited,"Used Ford Escape at the Airport location with 89,871 miles and service hold status.",2025-08-20,STK00055,FAKEVIN00000000055,2024,Ford,Escape,Limited,Used,Service Hold,Van,Hybrid,Green,89871,65221,75214,,9993,134,Downtown,,,2025-08-20,
2017-nissan-altima-premium-stk00056,2017 Nissan Altima Premium,"Used Nissan Altima at the Westside location with 80,981 miles and sold status.",2025-11-06,STK00056,FAKEVIN00000000056,2017,Nissan,Altima,Premium,Used,Sold,Coupe,Diesel,Silver,80981,69578,76262,73498,3920,56,North Lot,Priya Shah,Marketplace,2025-11-06,2026-05-13
2022-ford-bronco-sport-ex-l-stk00057,2022 Ford Bronco Sport EX-L,"Used Ford Bronco Sport at the Online Hold location with 17,129 miles and available status.",2025-07-20,STK00057,FAKEVIN00000000057,2022,Ford,Bronco Sport,EX-L,Used,Available,Truck,Hybrid,Blue,17129,74443,79664,,5221,165,Online Hold,,,2025-07-20,
2025-honda-civic-base-stk00058,2025 Honda Civic Base,New Honda Civic at the Downtown location with 0 miles and available status.,2025-10-01,STK00058,FAKEVIN00000000058,2025,Honda,Civic,Base,New,Available,Truck,Diesel,Red,0,74209,82254,,8045,92,Online Hold,,,2025-10-01,
2027-tesla-model-s-xle-stk00059,2027 Tesla Model S XLE,New Tesla Model S at the Airport location with 0 miles and service hold status.,2025-12-30,STK00059,FAKEVIN00000000059,2027,Tesla,Model S,XLE,New,Service Hold,SUV,Hybrid,Red,0,57650,62161,,4511,2,Airport,,,2025-12-30,
2023-toyota-tacoma-ex-l-stk00060,2023 Toyota Tacoma EX-L,"Used Toyota Tacoma at the North Lot location with 68,991 miles and available status.",2025-08-21,STK00060,FAKEVIN00000000060,2023,Toyota,Tacoma,EX-L,Used,Available,Coupe,Hybrid,Black,68991,45850,49404,,3554,133,North Lot,,,2025-08-21,
2016-tesla-model-s-platinum-stk00061,2016 Tesla Model S Platinum,"Used Tesla Model S at the Online Hold location with 32,277 miles and available status.",2025-08-24,STK00061,FAKEVIN00000000061,2016,Tesla,Model S,Platinum,Used,Available,SUV,Electric,White,32277,23260,26347,,3087,130,Downtown,,,2025-08-24,
2025-ford-escape-limited-stk00062,2025 Ford Escape Limited,"Certified Ford Escape at the Airport location with 25,287 miles and in transit status.",2025-08-06,STK00062,FAKEVIN00000000062,2025,Ford,Escape,Limited,Certified,In Transit,Sedan,Electric,Green,25287,18407,26387,,7980,148,North Lot,,,2025-08-06,
2022-ford-escape-se-stk00063,2022 Ford Escape SE,"Used Ford Escape at the Westside location with 47,951 miles and in transit status.",2025-07-30,STK00063,FAKEVIN00000000063,2022,Ford,Escape,SE,Used,In Transit,Coupe,Gasoline,White,47951,55930,66916,,10986,155,Downtown,,,2025-07-30,
2026-nissan-sentra-touring-stk00064,2026 Nissan Sentra Touring,"Certified Nissan Sentra at the Westside location with 33,909 miles and sold status.",2025-09-29,STK00064,FAKEVIN00000000064,2026,Nissan,Sentra,Touring,Certified,Sold,Coupe,Diesel,Red,33909,56514,66142,64804,8290,94,North Lot,Miles Grant,Walk-in,2025-09-29,2026-07-02
2022-ford-explorer-se-stk00065,2022 Ford Explorer SE,"Certified Ford Explorer at the North Lot location with 5,345 miles and sold status.",2025-08-31,STK00065,FAKEVIN00000000065,2022,Ford,Explorer,SE,Certified,Sold,Coupe,Diesel,White,5345,43363,47743,45897,2534,123,North Lot,Miles Grant,Walk-in,2025-08-31,2026-03-15
2026-toyota-rav4-se-stk00066,2026 Toyota RAV4 SE,New Toyota RAV4 at the Downtown location with 0 miles and sold status.,2025-11-25,STK00066,FAKEVIN00000000066,2026,Toyota,RAV4,SE,New,Sold,Van,Hybrid,Silver,0,44869,49301,48345,3476,37,Airport,Joao Mendez,Website,2025-11-25,2026-05-24
2017-ford-explorer-xle-stk00067,2017 Ford Explorer XLE,"Used Ford Explorer at the Downtown location with 66,363 miles and in transit status.",2025-12-15,STK00067,FAKEVIN00000000067,2017,Ford,Explorer,XLE,Used,In Transit,Van,Diesel,Champagne,66363,75372,81524,,6152,17,North Lot,,,2025-12-15,
2016-honda-ridgeline-sport-stk00068,2016 Honda Ridgeline Sport,"Used Honda Ridgeline at the Airport location with 80,535 miles and available status.",2025-08-18,STK00068,FAKEVIN00000000068,2016,Honda,Ridgeline,Sport,Used,Available,Sedan,Hybrid,Red,80535,45227,49900,,4673,136,North Lot,,,2025-08-18,
2021-kia-sportage-sport-stk00069,2021 Kia Sportage Sport,New Kia Sportage at the Online Hold location with 0 miles and reserved status.,2025-12-02,STK00069,FAKEVIN00000000069,2021,Kia,Sportage,Sport,New,Reserved,SUV,Hybrid,Black,0,25043,34692,,9649,30,Westside,,,2025-12-02,
2023-toyota-highlander-premium-stk00070,2023 Toyota Highlander Premium,New Toyota Highlander at the Downtown location with 0 miles and sold status.,2025-12-12,STK00070,FAKEVIN00000000070,2023,Toyota,Highlander,Premium,New,Sold,Hatchback,Gasoline,White,0,33890,41259,40714,6824,20,Downtown,Miles Grant,Walk-in,2025-12-12,2026-02-18
2023-toyota-corolla-xle-stk00071,2023 Toyota Corolla XLE,New Toyota Corolla at the Westside location with 0 miles and sold status.,2025-08-27,STK00071,FAKEVIN00000000071,2023,Toyota,Corolla,XLE,New,Sold,Coupe,Gasoline,White,0,43662,50188,48817,5155,127,North Lot,Mateo Silva,Marketplace,2025-08-27,2026-02-04
2025-toyota-highlander-se-stk00072,2025 Toyota Highlander SE,New Toyota Highlander at the Downtown location with 0 miles and reserved status.,2025-08-20,STK00072,FAKEVIN00000000072,2025,Toyota,Highlander,SE,New,Reserved,Sedan,Diesel,Silver,0,33394,35972,,2578,134,Airport,,,2025-08-20,
2027-ford-f-150-sel-stk00073,2027 Ford F-150 SEL,New Ford F-150 at the Downtown location with 0 miles and sold status.,2025-09-23,STK00073,FAKEVIN00000000073,2027,Ford,F-150,SEL,New,Sold,SUV,Gasoline,Black,0,23216,34529,32604,9388,100,Online Hold,Iris Chen,Website,2025-09-23,2026-07-18
2018-kia-telluride-limited-stk00074,2018 Kia Telluride Limited,"Used Kia Telluride at the North Lot location with 88,525 miles and available status.",2025-10-06,STK00074,FAKEVIN00000000074,2018,Kia,Telluride,Limited,Used,Available,Truck,Gasoline,Blue,88525,24884,33559,,8675,87,Airport,,,2025-10-06,
2025-mercedes-benz-gle-350-ex-l-stk00075,2025 Mercedes-Benz GLE 350 EX-L,New Mercedes-Benz GLE 350 at the Downtown location with 0 miles and available status.,2025-08-12,STK00075,FAKEVIN00000000075,2025,Mercedes-Benz,GLE 350,EX-L,New,Available,Coupe,Electric,Black,0,46088,54804,,8716,142,Online Hold,,,2025-08-12,
2021-tesla-model-3-sel-stk00076,2021 Tesla Model 3 SEL,"Used Tesla Model 3 at the Downtown location with 54,812 miles and sold status.",2025-11-08,STK00076,FAKEVIN00000000076,2021,Tesla,Model 3,SEL,Used,Sold,Truck,Hybrid,Champagne,54812,72691,79059,78643,5952,54,Westside,Ana Costa,Marketplace,2025-11-08,2026-03-18
2024-kia-soul-platinum-stk00077,2024 Kia Soul Platinum,"Used Kia Soul at the Downtown location with 53,075 miles and available status.",2025-12-11,STK00077,FAKEVIN00000000077,2024,Kia,Soul,Platinum,Used,Available,SUV,Hybrid,Blue,53075,51297,57555,,6258,21,Airport,,,2025-12-11,
2027-mercedes-benz-c-300-sel-stk00078,2027 Mercedes-Benz C 300 SEL,"Certified Mercedes-Benz C 300 at the Online Hold location with 42,168 miles and available status.",2025-11-07,STK00078,FAKEVIN00000000078,2027,Mercedes-Benz,C 300,SEL,Certified,Available,SUV,Electric,Champagne,42168,62094,70321,,8227,55,Downtown,,,2025-11-07,
2019-hyundai-palisade-se-stk00079,2019 Hyundai Palisade SE,"Used Hyundai Palisade at the Airport location with 62,443 miles and reserved status.",2025-08-17,STK00079,FAKEVIN00000000079,2019,Hyundai,Palisade,SE,Used,Reserved,SUV,Diesel,Champagne,62443,38304,45856,,7552,137,Downtown,,,2025-08-17,
2022-kia-sorento-se-stk00080,2022 Kia Sorento SE,"Certified Kia Sorento at the Airport location with 57,810 miles and sold status.",2025-08-27,STK00080,FAKEVIN00000000080,2022,Kia,Sorento,SE,Certified,Sold,Truck,Gasoline,Red,57810,77329,83153,82374,5045,127,Downtown,Miles Grant,Referral,2025-08-27,2026-03-09
2023-kia-telluride-sport-stk00081,2023 Kia Telluride Sport,"Certified Kia Telluride at the Online Hold location with 25,577 miles and sold status.",2025-12-27,STK00081,FAKEVIN00000000081,2023,Kia,Telluride,Sport,Certified,Sold,SUV,Diesel,Champagne,25577,51319,62366,60462,9143,5,North Lot,Ana Costa,Phone,2025-12-27,2026-02-22
2024-toyota-camry-ex-l-stk00082,2024 Toyota Camry EX-L,New Toyota Camry at the Downtown location with 0 miles and reserved status.,2025-12-23,STK00082,FAKEVIN00000000082,2024,Toyota,Camry,EX-L,New,Reserved,Van,Electric,White,0,23702,31602,,7900,9,North Lot,,,2025-12-23,
2025-hyundai-elantra-touring-stk00083,2025 Hyundai Elantra Touring,"Certified Hyundai Elantra at the Downtown location with 29,722 miles and available status.",2025-08-26,STK00083,FAKEVIN00000000083,2025,Hyundai,Elantra,Touring,Certified,Available,Coupe,Diesel,Black,29722,35621,46594,,10973,128,Online Hold,,,2025-08-26,
2024-honda-accord-premium-stk00084,2024 Honda Accord Premium,"Used Honda Accord at the Airport location with 77,885 miles and available status.",2025-08-06,STK00084,FAKEVIN00000000084,2024,Honda,Accord,Premium,Used,Available,Coupe,Gasoline,Green,77885,70928,73411,,2483,148,Westside,,,2025-08-06,
2024-kia-soul-base-stk00085,2024 Kia Soul Base,New Kia Soul at the Downtown location with 0 miles and service hold status.,2025-09-23,STK00085,FAKEVIN00000000085,2024,Kia,Soul,Base,New,Service Hold,Sedan,Hybrid,Red,0,40351,48677,,8326,100,Online Hold,,,2025-09-23,
2020-nissan-pathfinder-premium-stk00086,2020 Nissan Pathfinder Premium,"Used Nissan Pathfinder at the Westside location with 22,436 miles and available status.",2025-12-18,STK00086,FAKEVIN00000000086,2020,Nissan,Pathfinder,Premium,Used,Available,Coupe,Gasoline,White,22436,25864,33449,,7585,14,Westside,,,2025-12-18,
2026-ford-escape-ex-l-stk00087,2026 Ford Escape EX-L,"Certified Ford Escape at the Westside location with 32,925 miles and available status.",2025-10-17,STK00087,FAKEVIN00000000087,2026,Ford,Escape,EX-L,Certified,Available,Coupe,Gasoline,Champagne,32925,24902,31588,,6686,76,Airport,,,2025-10-17,
2025-nissan-altima-limited-stk00088,2025 Nissan Altima Limited,"Certified Nissan Altima at the Online Hold location with 70,232 miles and available status.",2025-07-12,STK00088,FAKEVIN00000000088,2025,Nissan,Altima,Limited,Certified,Available,Sedan,Diesel,Champagne,70232,34164,42405,,8241,173,Online Hold,,,2025-07-12,
2026-mercedes-benz-e-350-base-stk00089,2026 Mercedes-Benz E 350 Base,"Certified Mercedes-Benz E 350 at the Downtown location with 42,073 miles and sold status.",2025-07-26,STK00089,FAKEVIN00000000089,2026,Mercedes-Benz,E 350,Base,Certified,Sold,Hatchback,Gasoline,Gray,42073,72240,80464,78048,5808,159,Downtown,Miles Grant,Walk-in,2025-07-26,2026-04-27
2018-bmw-530i-ex-l-stk00090,2018 BMW 530i EX-L,"Used BMW 530i at the Airport location with 63,001 miles and available status.",2025-12-15,STK00090,FAKEVIN00000000090,2018,BMW,530i,EX-L,Used,Available,Sedan,Hybrid,Blue,63001,63770,68631,,4861,17,Online Hold,,,2025-12-15,
2025-hyundai-elantra-base-stk00091,2025 Hyundai Elantra Base,"Certified Hyundai Elantra at the Online Hold location with 64,276 miles and available status.",2025-08-17,STK00091,FAKEVIN00000000091,2025,Hyundai,Elantra,Base,Certified,Available,Truck,Gasoline,Green,64276,70318,80067,,9749,137,Downtown,,,2025-08-17,
2023-nissan-rogue-touring-stk00092,2023 Nissan Rogue Touring,New Nissan Rogue at the Downtown location with 0 miles and available status.,2025-08-06,STK00092,FAKEVIN00000000092,2023,Nissan,Rogue,Touring,New,Available,Hatchback,Diesel,Champagne,0,45533,48367,,2834,148,Online Hold,,,2025-08-06,
2024-hyundai-tucson-sport-stk00093,2024 Hyundai Tucson Sport,"Certified Hyundai Tucson at the Airport location with 59,674 miles and available status.",2025-07-23,STK00093,FAKEVIN00000000093,2024,Hyundai,Tucson,Sport,Certified,Available,Coupe,Diesel,White,59674,73727,79536,,5809,162,Westside,,,2025-07-23,
2017-nissan-pathfinder-se-stk00094,2017 Nissan Pathfinder SE,"Used Nissan Pathfinder at the Westside location with 90,769 miles and available status.",2025-09-23,STK00094,FAKEVIN00000000094,2017,Nissan,Pathfinder,SE,Used,Available,Van,Gasoline,Black,90769,55689,62574,,6885,100,North Lot,,,2025-09-23,
2022-chevrolet-malibu-premium-stk00095,2022 Chevrolet Malibu Premium,New Chevrolet Malibu at the North Lot location with 0 miles and sold status.,2025-07-27,STK00095,FAKEVIN00000000095,2022,Chevrolet,Malibu,Premium,New,Sold,Truck,Gasoline,White,0,65133,72793,70273,5140,158,Airport,Mateo Silva,Phone,2025-07-27,2026-02-27
2023-tesla-model-3-platinum-stk00096,2023 Tesla Model 3 Platinum,"Certified Tesla Model 3 at the Online Hold location with 69,808 miles and available status.",2025-09-21,STK00096,FAKEVIN00000000096,2023,Tesla,Model 3,Platinum,Certified,Available,Truck,Hybrid,Red,69808,50805,60097,,9292,102,Downtown,,,2025-09-21,
2022-honda-pilot-platinum-stk00097,2022 Honda Pilot Platinum,"Certified Honda Pilot at the North Lot location with 14,983 miles and sold status.",2025-11-23,STK00097,FAKEVIN00000000097,2022,Honda,Pilot,Platinum,Certified,Sold,Sedan,Gasoline,Green,14983,71853,84596,81831,9978,39,Westside,Mateo Silva,Marketplace,2025-11-23,2026-06-18
2024-honda-pilot-touring-stk00098,2024 Honda Pilot Touring,"Used Honda Pilot at the Downtown location with 66,779 miles and available status.",2025-08-30,STK00098,FAKEVIN00000000098,2024,Honda,Pilot,Touring,Used,Available,Hatchback,Diesel,Green,66779,47085,58187,,11102,124,Airport,,,2025-08-30,
2023-toyota-rav4-sport-stk00099,2023 Toyota RAV4 Sport,"Certified Toyota RAV4 at the Airport location with 76,055 miles and available status.",2025-10-26,STK00099,FAKEVIN00000000099,2023,Toyota,RAV4,Sport,Certified,Available,Truck,Diesel,Red,76055,56646,65188,,8542,67,Airport,,,2025-10-26,
2027-toyota-rav4-se-stk00100,2027 Toyota RAV4 SE,New Toyota RAV4 at the Online Hold location with 0 miles and available status.,2025-12-13,STK00100,FAKEVIN00000000100,2027,Toyota,RAV4,SE,New,Available,Truck,Diesel,Blue,0,57156,64878,,7722,19,Airport,,,2025-12-13,
2016-chevrolet-traverse-premium-stk00101,2016 Chevrolet Traverse Premium,"Used Chevrolet Traverse at the Airport location with 11,570 miles and sold status.",2025-11-14,STK00101,FAKEVIN00000000101,2016,Chevrolet,Traverse,Premium,Used,Sold,SUV,Electric,Green,11570,72697,77310,74887,2190,48,Airport,Iris Chen,Marketplace,2025-11-14,2026-05-17
2020-chevrolet-tahoe-limited-stk00102,2020 Chevrolet Tahoe Limited,"Used Chevrolet Tahoe at the Westside location with 47,994 miles and available status.",2025-08-18,STK00102,FAKEVIN00000000102,2020,Chevrolet,Tahoe,Limited,Used,Available,SUV,Gasoline,Green,47994,47476,49447,,1971,136,Downtown,,,2025-08-18,
2017-honda-ridgeline-platinum-stk00103,2017 Honda Ridgeline Platinum,"Used Honda Ridgeline at the Downtown location with 15,835 miles and in transit status.",2025-09-21,STK00103,FAKEVIN00000000103,2017,Honda,Ridgeline,Platinum,Used,In Transit,Van,Hybrid,Gray,15835,35521,40423,,4902,102,Online Hold,,,2025-09-21,
2023-toyota-corolla-premium-stk00104,2023 Toyota Corolla Premium,"Used Toyota Corolla at the Downtown location with 33,290 miles and available status.",2025-07-10,STK00104,FAKEVIN00000000104,2023,Toyota,Corolla,Premium,Used,Available,Van,Gasoline,Green,33290,42046,55036,,12990,175,North Lot,,,2025-07-10,
2022-ford-explorer-base-stk00105,2022 Ford Explorer Base,New Ford Explorer at the Downtown location with 0 miles and available status.,2025-07-17,STK00105,FAKEVIN00000000105,2022,Ford,Explorer,Base,New,Available,SUV,Electric,Champagne,0,21911,31033,,9122,168,Downtown,,,2025-07-17,
2021-tesla-model-3-base-stk00106,2021 Tesla Model 3 Base,"Certified Tesla Model 3 at the Westside location with 29,868 miles and sold status.",2025-09-30,STK00106,FAKEVIN00000000106,2021,Tesla,Model 3,Base,Certified,Sold,Hatchback,Electric,Green,29868,22263,26657,25945,3682,93,North Lot,Miles Grant,Phone,2025-09-30,2026-03-09
2018-chevrolet-traverse-limited-stk00107,2018 Chevrolet Traverse Limited,"Used Chevrolet Traverse at the Airport location with 69,624 miles and reserved status.",2025-08-27,STK00107,FAKEVIN00000000107,2018,Chevrolet,Traverse,Limited,Used,Reserved,Truck,Electric,Gray,69624,51498,61550,,10052,127,Westside,,,2025-08-27,
2024-honda-civic-xle-stk00108,2024 Honda Civic XLE,"Certified Honda Civic at the North Lot location with 51,084 miles and available status.",2025-07-06,STK00108,FAKEVIN00000000108,2024,Honda,Civic,XLE,Certified,Available,Sedan,Hybrid,Green,51084,43869,55238,,11369,179,Airport,,,2025-07-06,
2020-bmw-530i-xle-stk00109,2020 BMW 530i XLE,"Used BMW 530i at the Airport location with 45,883 miles and reserved status.",2025-08-25,STK00109,FAKEVIN00000000109,2020,BMW,530i,XLE,Used,Reserved,Van,Gasoline,Blue,45883,51356,59046,,7690,129,Airport,,,2025-08-25,
2018-nissan-altima-base-stk00110,2018 Nissan Altima Base,"Used Nissan Altima at the Airport location with 23,658 miles and in transit status.",2025-10-13,STK00110,FAKEVIN00000000110,2018,Nissan,Altima,Base,Used,In Transit,Hatchback,Hybrid,Champagne,23658,56531,63032,,6501,80,Airport,,,2025-10-13,
2021-chevrolet-malibu-premium-stk00111,2021 Chevrolet Malibu Premium,"Certified Chevrolet Malibu at the Westside location with 26,585 miles and available status.",2025-12-23,STK00111,FAKEVIN00000000111,2021,Chevrolet,Malibu,Premium,Certified,Available,Hatchback,Diesel,Green,26585,38147,42685,,4538,9,Westside,,,2025-12-23,
2021-honda-civic-limited-stk00112,2021 Honda Civic Limited,"Used Honda Civic at the North Lot location with 55,635 miles and in transit status.",2025-12-18,STK00112,FAKEVIN00000000112,2021,Honda,Civic,Limited,Used,In Transit,Hatchback,Hybrid,Red,55635,39400,46955,,7555,14,North Lot,,,2025-12-18,
2027-mercedes-benz-cla-250-ex-l-stk00113,2027 Mercedes-Benz CLA 250 EX-L,"Certified Mercedes-Benz CLA 250 at the Downtown location with 9,812 miles and sold status.",2025-10-31,STK00113,FAKEVIN00000000113,2027,Mercedes-Benz,CLA 250,EX-L,Certified,Sold,Truck,Gasoline,Black,9812,43429,50681,48074,4645,62,Airport,Ana Costa,Walk-in,2025-10-31,2026-06-25
2021-tesla-model-x-sel-stk00114,2021 Tesla Model X SEL,"Used Tesla Model X at the Westside location with 31,230 miles and available status.",2025-10-01,STK00114,FAKEVIN00000000114,2021,Tesla,Model X,SEL,Used,Available,Van,Electric,Black,31230,69960,73338,,3378,92,Downtown,,,2025-10-01,
2018-hyundai-santa-fe-platinum-stk00115,2018 Hyundai Santa Fe Platinum,"Used Hyundai Santa Fe at the Online Hold location with 70,541 miles and sold status.",2025-09-29,STK00115,FAKEVIN00000000115,2018,Hyundai,Santa Fe,Platinum,Used,Sold,Coupe,Diesel,Green,70541,66295,70522,69003,2708,94,Online Hold,Priya Shah,Marketplace,2025-09-29,2026-04-19
2025-chevrolet-traverse-base-stk00116,2025 Chevrolet Traverse Base,"Certified Chevrolet Traverse at the Westside location with 84,517 miles and available status.",2025-09-07,STK00116,FAKEVIN00000000116,2025,Chevrolet,Traverse,Base,Certified,Available,Coupe,Gasoline,Black,84517,20167,26957,,6790,116,Online Hold,,,2025-09-07,
2019-ford-f-150-limited-stk00117,2019 Ford F-150 Limited,"Used Ford F-150 at the Westside location with 64,107 miles and available status.",2025-07-18,STK00117,FAKEVIN00000000117,2019,Ford,F-150,Limited,Used,Available,Sedan,Hybrid,Red,64107,33583,36149,,2566,167,Airport,,,2025-07-18,
2025-mercedes-benz-glc-300-limited-stk00118,2025 Mercedes-Benz GLC 300 Limited,"Used Mercedes-Benz GLC 300 at the Airport location with 23,833 miles and in transit status.",2025-11-01,STK00118,FAKEVIN00000000118,2025,Mercedes-Benz,GLC 300,Limited,Used,In Transit,Sedan,Gasoline,Black,23833,20342,25448,,5106,61,Online Hold,,,2025-11-01,
2027-nissan-frontier-ex-l-stk00119,2027 Nissan Frontier EX-L,"Certified Nissan Frontier at the Downtown location with 92,296 miles and sold status.",2025-07-10,STK00119,FAKEVIN00000000119,2027,Nissan,Frontier,EX-L,Certified,Sold,Truck,Gasoline,Blue,92296,60322,66287,64891,4569,175,Westside,Miles Grant,Website,2025-07-10,2026-05-09
2026-toyota-tacoma-sel-stk00120,2026 Toyota Tacoma SEL,New Toyota Tacoma at the Downtown location with 0 miles and available status.,2025-10-12,STK00120,FAKEVIN00000000120,2026,Toyota,Tacoma,SEL,New,Available,Truck,Diesel,Champagne,0,25510,29292,,3782,81,North Lot,,,2025-10-12,
2018-tesla-model-y-ex-l-stk00121,2018 Tesla Model Y EX-L,"Used Tesla Model Y at the Airport location with 62,559 miles and reserved status.",2025-07-16,STK00121,FAKEVIN00000000121,2018,Tesla,Model Y,EX-L,Used,Reserved,Coupe,Electric,Green,62559,19419,27857,,8438,169,Westside,,,2025-07-16,
2021-kia-k5-ex-l-stk00122,2021 Kia K5 EX-L,New Kia K5 at the North Lot location with 0 miles and available status.,2025-11-14,STK00122,FAKEVIN00000000122,2021,Kia,K5,EX-L,New,Available,Van,Gasoline,Black,0,56789,68497,,11708,48,Online Hold,,,2025-11-14,
2021-mercedes-benz-e-350-touring-stk00123,2021 Mercedes-Benz E 350 Touring,"Certified Mercedes-Benz E 350 at the Downtown location with 64,897 miles and available status.",2025-09-09,STK00123,FAKEVIN00000000123,2021,Mercedes-Benz,E 350,Touring,Certified,Available,Hatchback,Hybrid,Gray,64897,77171,83949,,6778,114,Downtown,,,2025-09-09,
2025-ford-escape-limited-stk00124,2025 Ford Escape Limited,"Certified Ford Escape at the North Lot location with 16,886 miles and in transit status.",2025-11-08,STK00124,FAKEVIN00000000124,2025,Ford,Escape,Limited,Certified,In Transit,SUV,Diesel,Silver,16886,34796,39783,,4987,54,Downtown,,,2025-11-08,
2027-hyundai-palisade-xle-stk00125,2027 Hyundai Palisade XLE,New Hyundai Palisade at the Westside location with 0 miles and sold status.,2025-08-05,STK00125,FAKEVIN00000000125,2027,Hyundai,Palisade,XLE,New,Sold,SUV,Gasoline,Blue,0,50381,58692,56592,6211,149,Downtown,Noah Kim,Walk-in,2025-08-05,2026-07-07
2024-tesla-model-x-sel-stk00126,2024 Tesla Model X SEL,New Tesla Model X at the Westside location with 0 miles and in transit status.,2025-08-04,STK00126,FAKEVIN00000000126,2024,Tesla,Model X,SEL,New,In Transit,Sedan,Hybrid,Champagne,0,72369,76010,,3641,150,North Lot,,,2025-08-04,
2023-chevrolet-malibu-premium-stk00127,2023 Chevrolet Malibu Premium,New Chevrolet Malibu at the Online Hold location with 0 miles and sold status.,2025-09-28,STK00127,FAKEVIN00000000127,2023,Chevrolet,Malibu,Premium,New,Sold,SUV,Diesel,Black,0,45121,52714,52079,6958,95,Westside,Joao Mendez,Marketplace,2025-09-28,2026-05-29
2017-tesla-model-3-touring-stk00128,2017 Tesla Model 3 Touring,"Used Tesla Model 3 at the North Lot location with 88,092 miles and sold status.",2025-12-24,STK00128,FAKEVIN00000000128,2017,Tesla,Model 3,Touring,Used,Sold,Coupe,Electric,Green,88092,52160,56830,55199,3039,8,Online Hold,Priya Shah,Website,2025-12-24,2026-05-16
2018-honda-ridgeline-sport-stk00129,2018 Honda Ridgeline Sport,"Used Honda Ridgeline at the Downtown location with 61,849 miles and sold status.",2025-10-28,STK00129,FAKEVIN00000000129,2018,Honda,Ridgeline,Sport,Used,Sold,Coupe,Hybrid,Red,61849,20939,27735,25266,4327,65,Westside,Noah Kim,Website,2025-10-28,2026-05-25
2026-ford-explorer-sport-stk00130,2026 Ford Explorer Sport,"Certified Ford Explorer at the Online Hold location with 18,533 miles and reserved status.",2025-09-09,STK00130,FAKEVIN00000000130,2026,Ford,Explorer,Sport,Certified,Reserved,Van,Diesel,Blue,18533,73180,82836,,9656,114,Westside,,,2025-09-09,
2023-tesla-model-3-base-stk00131,2023 Tesla Model 3 Base,"Used Tesla Model 3 at the Downtown location with 20,368 miles and sold status.",2025-10-12,STK00131,FAKEVIN00000000131,2023,Tesla,Model 3,Base,Used,Sold,Hatchback,Hybrid,Gray,20368,34367,36009,34167,-200,81,Online Hold,Leah Brooks,Website,2025-10-12,2026-01-03
2027-hyundai-tucson-touring-stk00132,2027 Hyundai Tucson Touring,New Hyundai Tucson at the Westside location with 0 miles and available status.,2025-09-19,STK00132,FAKEVIN00000000132,2027,Hyundai,Tucson,Touring,New,Available,Hatchback,Electric,White,0,18195,22979,,4784,104,North Lot,,,2025-09-19,
2023-nissan-sentra-base-stk00133,2023 Nissan Sentra Base,"Certified Nissan Sentra at the Online Hold location with 10,851 miles and available status.",2025-11-27,STK00133,FAKEVIN00000000133,2023,Nissan,Sentra,Base,Certified,Available,Truck,Hybrid,Gray,10851,58652,62249,,3597,35,Downtown,,,2025-11-27,
2021-chevrolet-traverse-xle-stk00134,2021 Chevrolet Traverse XLE,"Certified Chevrolet Traverse at the Airport location with 10,740 miles and service hold status.",2025-07-22,STK00134,FAKEVIN00000000134,2021,Chevrolet,Traverse,XLE,Certified,Service Hold,Hatchback,Electric,Gray,10740,51596,57629,,6033,163,Airport,,,2025-07-22,
2021-honda-cr-v-premium-stk00135,2021 Honda CR-V Premium,New Honda CR-V at the North Lot location with 0 miles and available status.,2025-09-02,STK00135,FAKEVIN00000000135,2021,Honda,CR-V,Premium,New,Available,Sedan,Hybrid,Red,0,73573,79153,,5580,121,Westside,,,2025-09-02,
2025-ford-bronco-sport-sport-stk00136,2025 Ford Bronco Sport Sport,"Used Ford Bronco Sport at the Westside location with 74,473 miles and reserved status.",2025-11-04,STK00136,FAKEVIN00000000136,2025,Ford,Bronco Sport,Sport,Used,Reserved,Sedan,Hybrid,Black,74473,21390,31165,,9775,58,North Lot,,,2025-11-04,
2023-honda-pilot-touring-stk00137,2023 Honda Pilot Touring,"Used Honda Pilot at the Airport location with 36,221 miles and sold status.",2025-08-11,STK00137,FAKEVIN00000000137,2023,Honda,Pilot,Touring,Used,Sold,Coupe,Gasoline,Black,36221,50746,63609,62955,12209,143,Downtown,Iris Chen,Referral,2025-08-11,2026-01-03
2024-bmw-x3-sport-stk00138,2024 BMW X3 Sport,"Used BMW X3 at the North Lot location with 22,762 miles and available status.",2025-11-01,STK00138,FAKEVIN00000000138,2024,BMW,X3,Sport,Used,Available,Coupe,Diesel,Black,22762,75303,82193,,6890,61,Downtown,,,2025-11-01,
2027-kia-sorento-xle-stk00139,2027 Kia Sorento XLE,New Kia Sorento at the Airport location with 0 miles and available status.,2025-07-15,STK00139,FAKEVIN00000000139,2027,Kia,Sorento,XLE,New,Available,Sedan,Hybrid,Green,0,39820,45444,,5624,170,Airport,,,2025-07-15,
2026-nissan-sentra-touring-stk00140,2026 Nissan Sentra Touring,"Certified Nissan Sentra at the Downtown location with 63,310 miles and available status.",2025-12-01,STK00140,FAKEVIN00000000140,2026,Nissan,Sentra,Touring,Certified,Available,Coupe,Electric,Champagne,63310,73905,81431,,7526,31,Online Hold,,,2025-12-01,
2024-tesla-model-y-sel-stk00141,2024 Tesla Model Y SEL,"Certified Tesla Model Y at the Westside location with 46,164 miles and in transit status.",2025-10-02,STK00141,FAKEVIN00000000141,2024,Tesla,Model Y,SEL,Certified,In Transit,SUV,Diesel,Red,46164,68877,75393,,6516,91,Airport,,,2025-10-02,
2022-tesla-model-x-touring-stk00142,2022 Tesla Model X Touring,"Used Tesla Model X at the North Lot location with 31,262 miles and sold status.",2025-11-16,STK00142,FAKEVIN00000000142,2022,Tesla,Model X,Touring,Used,Sold,Hatchback,Gasoline,Silver,31262,24226,32953,30286,6060,46,Downtown,Iris Chen,Walk-in,2025-11-16,2026-05-29
2023-ford-bronco-sport-se-stk00143,2023 Ford Bronco Sport SE,"Used Ford Bronco Sport at the North Lot location with 94,262 miles and available status.",2025-09-26,STK00143,FAKEVIN00000000143,2023,Ford,Bronco Sport,SE,Used,Available,Van,Hybrid,Blue,94262,52690,63285,,10595,97,Online Hold,,,2025-09-26,
2024-tesla-model-s-sel-stk00144,2024 Tesla Model S SEL,"Used Tesla Model S at the Online Hold location with 13,752 miles and reserved status.",2025-08-16,STK00144,FAKEVIN00000000144,2024,Tesla,Model S,SEL,Used,Reserved,SUV,Hybrid,Black,13752,19414,28096,,8682,138,Westside,,,2025-08-16,
2021-honda-ridgeline-touring-stk00145,2021 Honda Ridgeline Touring,"Used Honda Ridgeline at the Online Hold location with 62,547 miles and service hold status.",2025-12-08,STK00145,FAKEVIN00000000145,2021,Honda,Ridgeline,Touring,Used,Service Hold,Coupe,Diesel,Silver,62547,72793,78993,,6200,24,Downtown,,,2025-12-08,
2024-chevrolet-silverado-limited-stk00146,2024 Chevrolet Silverado Limited,New Chevrolet Silverado at the Downtown location with 0 miles and sold status.,2025-12-12,STK00146,FAKEVIN00000000146,2024,Chevrolet,Silverado,Limited,New,Sold,Van,Diesel,Green,0,29689,36299,35309,5620,20,Westside,Leah Brooks,Walk-in,2025-12-12,2026-03-08
2016-tesla-model-s-sport-stk00147,2016 Tesla Model S Sport,"Used Tesla Model S at the North Lot location with 49,944 miles and available status.",2025-11-14,STK00147,FAKEVIN00000000147,2016,Tesla,Model S,Sport,Used,Available,Truck,Hybrid,Blue,49944,50122,59469,,9347,48,Online Hold,,,2025-11-14,
2024-ford-escape-touring-stk00148,2024 Ford Escape Touring,New Ford Escape at the Westside location with 0 miles and reserved status.,2025-07-30,STK00148,FAKEVIN00000000148,2024,Ford,Escape,Touring,New,Reserved,Truck,Diesel,Black,0,72436,77462,,5026,155,Downtown,,,2025-07-30,
2017-chevrolet-equinox-se-stk00149,2017 Chevrolet Equinox SE,"Used Chevrolet Equinox at the Downtown location with 85,446 miles and reserved status.",2025-10-07,STK00149,FAKEVIN00000000149,2017,Chevrolet,Equinox,SE,Used,Reserved,Van,Electric,Blue,85446,34559,40690,,6131,86,Westside,,,2025-10-07,
2025-chevrolet-equinox-limited-stk00150,2025 Chevrolet Equinox Limited,"Used Chevrolet Equinox at the Airport location with 25,581 miles and in transit status.",2025-10-19,STK00150,FAKEVIN00000000150,2025,Chevrolet,Equinox,Limited,Used,In Transit,Truck,Hybrid,Blue,25581,23090,28822,,5732,74,Airport,,,2025-10-19,
2023-bmw-m240i-ex-l-stk00151,2023 BMW M240i EX-L,"Used BMW M240i at the Westside location with 48,827 miles and available status.",2025-07-20,STK00151,FAKEVIN00000000151,2023,BMW,M240i,EX-L,Used,Available,SUV,Gasoline,Green,48827,24392,33099,,8707,165,Downtown,,,2025-07-20,
2023-mercedes-benz-gle-350-se-stk00152,2023 Mercedes-Benz GLE 350 SE,"Used Mercedes-Benz GLE 350 at the North Lot location with 9,780 miles and sold status.",2025-07-20,STK00152,FAKEVIN00000000152,2023,Mercedes-Benz,GLE 350,SE,Used,Sold,SUV,Diesel,White,9780,59727,65403,62663,2936,165,North Lot,Iris Chen,Phone,2025-07-20,2026-06-19
2016-mercedes-benz-glc-300-base-stk00153,2016 Mercedes-Benz GLC 300 Base,"Used Mercedes-Benz GLC 300 at the Westside location with 76,222 miles and available status.",2025-08-09,STK00153,FAKEVIN00000000153,2016,Mercedes-Benz,GLC 300,Base,Used,Available,Van,Hybrid,Red,76222,71208,79591,,8383,145,Airport,,,2025-08-09,
2022-kia-soul-se-stk00154,2022 Kia Soul SE,"Used Kia Soul at the Westside location with 37,652 miles and service hold status.",2025-07-07,STK00154,FAKEVIN00000000154,2022,Kia,Soul,SE,Used,Service Hold,Truck,Electric,Gray,37652,40708,51134,,10426,178,Westside,,,2025-07-07,
2016-toyota-corolla-platinum-stk00155,2016 Toyota Corolla Platinum,"Used Toyota Corolla at the Online Hold location with 38,135 miles and available status.",2025-11-02,STK00155,FAKEVIN00000000155,2016,Toyota,Corolla,Platinum,Used,Available,Truck,Diesel,Blue,38135,20892,24624,,3732,60,Airport,,,2025-11-02,
2024-tesla-model-y-sport-stk00156,2024 Tesla Model Y Sport,New Tesla Model Y at the Westside location with 0 miles and in transit status.,2025-12-07,STK00156,FAKEVIN00000000156,2024,Tesla,Model Y,Sport,New,In Transit,SUV,Hybrid,Black,0,75940,81043,,5103,25,Airport,,,2025-12-07,
2025-chevrolet-silverado-limited-stk00157,2025 Chevrolet Silverado Limited,"Used Chevrolet Silverado at the Downtown location with 86,052 miles and sold status.",2025-08-04,STK00157,FAKEVIN00000000157,2025,Chevrolet,Silverado,Limited,Used,Sold,Coupe,Hybrid,Green,86052,75778,85267,83027,7249,150,Westside,Noah Kim,Phone,2025-08-04,2026-06-14
2021-mercedes-benz-gle-350-sel-stk00158,2021 Mercedes-Benz GLE 350 SEL,"Used Mercedes-Benz GLE 350 at the Downtown location with 41,530 miles and sold status.",2025-09-28,STK00158,FAKEVIN00000000158,2021,Mercedes-Benz,GLE 350,SEL,Used,Sold,Van,Diesel,White,41530,37681,43052,41229,3548,95,North Lot,Leah Brooks,Marketplace,2025-09-28,2026-04-18
2021-ford-bronco-sport-base-stk00159,2021 Ford Bronco Sport Base,"Used Ford Bronco Sport at the Downtown location with 28,843 miles and available status.",2025-07-05,STK00159,FAKEVIN00000000159,2021,Ford,Bronco Sport,Base,Used,Available,Hatchback,Gasoline,Green,28843,30300,35409,,5109,180,Online Hold,,,2025-07-05,
2022-kia-soul-base-stk00160,2022 Kia Soul Base,"Used Kia Soul at the Downtown location with 86,901 miles and sold status.",2025-08-22,STK00160,FAKEVIN00000000160,2022,Kia,Soul,Base,Used,Sold,Hatchback,Electric,Red,86901,73830,80315,77907,4077,132,Airport,Iris Chen,Phone,2025-08-22,2026-04-17
2025-honda-pilot-sport-stk00161,2025 Honda Pilot Sport,"Certified Honda Pilot at the Online Hold location with 78,093 miles and reserved status.",2025-10-04,STK00161,FAKEVIN00000000161,2025,Honda,Pilot,Sport,Certified,Reserved,Sedan,Diesel,Gray,78093,32132,43949,,11817,89,Online Hold,,,2025-10-04,
2021-nissan-altima-limited-stk00162,2021 Nissan Altima Limited,New Nissan Altima at the North Lot location with 0 miles and sold status.,2025-07-14,STK00162,FAKEVIN00000000162,2021,Nissan,Altima,Limited,New,Sold,SUV,Hybrid,Black,0,23296,29466,27523,4227,171,Westside,Priya Shah,Website,2025-07-14,2026-05-13
2024-hyundai-santa-fe-xle-stk00163,2024 Hyundai Santa Fe XLE,"Certified Hyundai Santa Fe at the North Lot location with 65,918 miles and in transit status.",2025-07-28,STK00163,FAKEVIN00000000163,2024,Hyundai,Santa Fe,XLE,Certified,In Transit,Coupe,Electric,Silver,65918,26640,36165,,9525,157,Online Hold,,,2025-07-28,
2025-bmw-m240i-touring-stk00164,2025 BMW M240i Touring,"Used BMW M240i at the North Lot location with 73,296 miles and available status.",2025-10-25,STK00164,FAKEVIN00000000164,2025,BMW,M240i,Touring,Used,Available,Hatchback,Electric,Champagne,73296,67617,73984,,6367,68,Online Hold,,,2025-10-25,
2027-nissan-sentra-premium-stk00165,2027 Nissan Sentra Premium,New Nissan Sentra at the Westside location with 0 miles and sold status.,2025-09-08,STK00165,FAKEVIN00000000165,2027,Nissan,Sentra,Premium,New,Sold,Coupe,Gasoline,White,0,30297,41450,40495,10198,115,Online Hold,Ana Costa,Website,2025-09-08,2026-01-01
2021-ford-bronco-sport-limited-stk00166,2021 Ford Bronco Sport Limited,New Ford Bronco Sport at the North Lot location with 0 miles and sold status.,2025-12-30,STK00166,FAKEVIN00000000166,2021,Ford,Bronco Sport,Limited,New,Sold,Sedan,Gasoline,White,0,53051,61525,59211,6160,2,Downtown,Mateo Silva,Walk-in,2025-12-30,2026-04-25
2023-honda-accord-sel-stk00167,2023 Honda Accord SEL,"Certified Honda Accord at the Online Hold location with 83,441 miles and available status.",2025-11-12,STK00167,FAKEVIN00000000167,2023,Honda,Accord,SEL,Certified,Available,SUV,Hybrid,Green,83441,23422,33983,,10561,50,Airport,,,2025-11-12,
2016-nissan-rogue-ex-l-stk00168,2016 Nissan Rogue EX-L,"Used Nissan Rogue at the Airport location with 56,205 miles and available status.",2025-10-05,STK00168,FAKEVIN00000000168,2016,Nissan,Rogue,EX-L,Used,Available,Van,Diesel,Silver,56205,64491,74209,,9718,88,Airport,,,2025-10-05,
2026-kia-sorento-base-stk00169,2026 Kia Sorento Base,"Certified Kia Sorento at the Downtown location with 19,712 miles and reserved status.",2025-11-01,STK00169,FAKEVIN00000000169,2026,Kia,Sorento,Base,Certified,Reserved,SUV,Gasoline,Silver,19712,26425,36018,,9593,61,Online Hold,,,2025-11-01,
2025-honda-ridgeline-sport-stk00170,2025 Honda Ridgeline Sport,"Used Honda Ridgeline at the Airport location with 90,379 miles and sold status.",2025-12-13,STK00170,FAKEVIN00000000170,2025,Honda,Ridgeline,Sport,Used,Sold,Sedan,Hybrid,Blue,90379,29030,33186,31692,2662,19,Online Hold,Joao Mendez,Marketplace,2025-12-13,2026-05-25
2022-hyundai-elantra-xle-stk00171,2022 Hyundai Elantra XLE,"Used Hyundai Elantra at the North Lot location with 10,478 miles and service hold status.",2025-12-21,STK00171,FAKEVIN00000000171,2022,Hyundai,Elantra,XLE,Used,Service Hold,Sedan,Diesel,Red,10478,31824,35733,,3909,11,Online Hold,,,2025-12-21,
2022-chevrolet-traverse-sport-stk00172,2022 Chevrolet Traverse Sport,"Used Chevrolet Traverse at the Airport location with 82,426 miles and in transit status.",2025-09-03,STK00172,FAKEVIN00000000172,2022,Chevrolet,Traverse,Sport,Used,In Transit,Coupe,Electric,Red,82426,58504,64539,,6035,120,North Lot,,,2025-09-03,
2021-honda-civic-ex-l-stk00173,2021 Honda Civic EX-L,"Certified Honda Civic at the Airport location with 70,355 miles and available status.",2025-12-04,STK00173,FAKEVIN00000000173,2021,Honda,Civic,EX-L,Certified,Available,Van,Gasoline,Gray,70355,22931,29635,,6704,28,Westside,,,2025-12-04,
2020-honda-pilot-platinum-stk00174,2020 Honda Pilot Platinum,"Used Honda Pilot at the Westside location with 36,482 miles and available status.",2025-10-23,STK00174,FAKEVIN00000000174,2020,Honda,Pilot,Platinum,Used,Available,Coupe,Gasoline,Gray,36482,64722,69914,,5192,70,North Lot,,,2025-10-23,
2021-nissan-sentra-touring-stk00175,2021 Nissan Sentra Touring,"Used Nissan Sentra at the North Lot location with 42,326 miles and available status.",2025-07-30,STK00175,FAKEVIN00000000175,2021,Nissan,Sentra,Touring,Used,Available,Sedan,Gasoline,White,42326,19922,30350,,10428,155,Downtown,,,2025-07-30,
2020-chevrolet-equinox-limited-stk00176,2020 Chevrolet Equinox Limited,"Used Chevrolet Equinox at the Westside location with 53,112 miles and in transit status.",2025-07-11,STK00176,FAKEVIN00000000176,2020,Chevrolet,Equinox,Limited,Used,In Transit,Van,Electric,Black,53112,46463,57538,,11075,174,Westside,,,2025-07-11,
2023-bmw-x3-se-stk00177,2023 BMW X3 SE,"Used BMW X3 at the Online Hold location with 81,471 miles and service hold status.",2025-12-18,STK00177,FAKEVIN00000000177,2023,BMW,X3,SE,Used,Service Hold,Truck,Gasoline,Red,81471,29170,39529,,10359,14,North Lot,,,2025-12-18,
2019-toyota-highlander-touring-stk00178,2019 Toyota Highlander Touring,"Used Toyota Highlander at the Downtown location with 58,495 miles and sold status.",2025-09-20,STK00178,FAKEVIN00000000178,2019,Toyota,Highlander,Touring,Used,Sold,Coupe,Diesel,White,58495,49866,59594,58844,8978,103,North Lot,Noah Kim,Website,2025-09-20,2026-05-09
2021-chevrolet-equinox-limited-stk00179,2021 Chevrolet Equinox Limited,"Certified Chevrolet Equinox at the Downtown location with 50,615 miles and available status.",2025-08-06,STK00179,FAKEVIN00000000179,2021,Chevrolet,Equinox,Limited,Certified,Available,Hatchback,Gasoline,White,50615,18118,25642,,7524,148,North Lot,,,2025-08-06,
2020-honda-civic-platinum-stk00180,2020 Honda Civic Platinum,"Used Honda Civic at the North Lot location with 77,530 miles and available status.",2025-09-05,STK00180,FAKEVIN00000000180,2020,Honda,Civic,Platinum,Used,Available,Truck,Diesel,Black,77530,33347,41594,,8247,118,Westside,,,2025-09-05,
2027-toyota-tacoma-sport-stk00181,2027 Toyota Tacoma Sport,"Certified Toyota Tacoma at the Airport location with 31,817 miles and sold status.",2025-10-04,STK00181,FAKEVIN00000000181,2027,Toyota,Tacoma,Sport,Certified,Sold,Hatchback,Gasoline,Gray,31817,50517,59455,58663,8146,89,North Lot,Leah Brooks,Phone,2025-10-04,2026-01-17
2026-honda-accord-base-stk00182,2026 Honda Accord Base,"Certified Honda Accord at the North Lot location with 50,605 miles and sold status.",2025-09-15,STK00182,FAKEVIN00000000182,2026,Honda,Accord,Base,Certified,Sold,Hatchback,Hybrid,Green,50605,43720,52187,50538,6818,108,Airport,Iris Chen,Phone,2025-09-15,2026-03-29
2027-hyundai-tucson-sport-stk00183,2027 Hyundai Tucson Sport,New Hyundai Tucson at the Downtown location with 0 miles and service hold status.,2025-11-28,STK00183,FAKEVIN00000000183,2027,Hyundai,Tucson,Sport,New,Service Hold,SUV,Hybrid,Champagne,0,56785,64461,,7676,34,Online Hold,,,2025-11-28,
2024-chevrolet-silverado-platinum-stk00184,2024 Chevrolet Silverado Platinum,New Chevrolet Silverado at the Airport location with 0 miles and available status.,2025-09-15,STK00184,FAKEVIN00000000184,2024,Chevrolet,Silverado,Platinum,New,Available,Van,Gasoline,Red,0,34559,44576,,10017,108,Westside,,,2025-09-15,
2024-bmw-x5-xle-stk00185,2024 BMW X5 XLE,New BMW X5 at the Downtown location with 0 miles and sold status.,2025-08-30,STK00185,FAKEVIN00000000185,2024,BMW,X5,XLE,New,Sold,Sedan,Gasoline,Blue,0,47632,58417,57306,9674,124,Airport,Ana Costa,Walk-in,2025-08-30,2026-06-15
2024-hyundai-palisade-se-stk00186,2024 Hyundai Palisade SE,New Hyundai Palisade at the Airport location with 0 miles and in transit status.,2025-08-06,STK00186,FAKEVIN00000000186,2024,Hyundai,Palisade,SE,New,In Transit,Hatchback,Diesel,Gray,0,19509,26068,,6559,148,Airport,,,2025-08-06,
2022-toyota-camry-touring-stk00187,2022 Toyota Camry Touring,"Used Toyota Camry at the Airport location with 40,885 miles and available status.",2025-12-24,STK00187,FAKEVIN00000000187,2022,Toyota,Camry,Touring,Used,Available,Sedan,Electric,Red,40885,24865,28832,,3967,8,Airport,,,2025-12-24,
2023-mercedes-benz-e-350-xle-stk00188,2023 Mercedes-Benz E 350 XLE,"Used Mercedes-Benz E 350 at the Westside location with 46,451 miles and in transit status.",2025-10-19,STK00188,FAKEVIN00000000188,2023,Mercedes-Benz,E 350,XLE,Used,In Transit,SUV,Diesel,Blue,46451,39024,47111,,8087,74,Airport,,,2025-10-19,
2025-mercedes-benz-e-350-premium-stk00189,2025 Mercedes-Benz E 350 Premium,New Mercedes-Benz E 350 at the Downtown location with 0 miles and in transit status.,2025-08-04,STK00189,FAKEVIN00000000189,2025,Mercedes-Benz,E 350,Premium,New,In Transit,Van,Electric,Champagne,0,20664,27175,,6511,150,Downtown,,,2025-08-04,
2021-bmw-530i-xle-stk00190,2021 BMW 530i XLE,New BMW 530i at the Online Hold location with 0 miles and available status.,2025-09-30,STK00190,FAKEVIN00000000190,2021,BMW,530i,XLE,New,Available,Truck,Gasoline,Green,0,74097,78111,,4014,93,North Lot,,,2025-09-30,
2016-toyota-corolla-touring-stk00191,2016 Toyota Corolla Touring,"Used Toyota Corolla at the Westside location with 69,767 miles and available status.",2025-08-12,STK00191,FAKEVIN00000000191,2016,Toyota,Corolla,Touring,Used,Available,Sedan,Electric,Black,69767,25168,32154,,6986,142,Airport,,,2025-08-12,
2024-toyota-tacoma-ex-l-stk00192,2024 Toyota Tacoma EX-L,"Certified Toyota Tacoma at the Online Hold location with 51,252 miles and reserved status.",2025-09-05,STK00192,FAKEVIN00000000192,2024,Toyota,Tacoma,EX-L,Certified,Reserved,Van,Gasoline,Red,51252,29144,34242,,5098,118,Online Hold,,,2025-09-05,
2021-nissan-rogue-xle-stk00193,2021 Nissan Rogue XLE,New Nissan Rogue at the North Lot location with 0 miles and sold status.,2025-11-28,STK00193,FAKEVIN00000000193,2021,Nissan,Rogue,XLE,New,Sold,Truck,Gasoline,Blue,0,34548,46412,44376,9828,34,North Lot,Iris Chen,Referral,2025-11-28,2026-05-09
2021-chevrolet-silverado-premium-stk00194,2021 Chevrolet Silverado Premium,"Used Chevrolet Silverado at the North Lot location with 10,604 miles and sold status.",2025-10-15,STK00194,FAKEVIN00000000194,2021,Chevrolet,Silverado,Premium,Used,Sold,Sedan,Gasoline,Red,10604,17577,25061,22580,5003,78,Downtown,Priya Shah,Referral,2025-10-15,2026-05-30
2021-kia-k5-base-stk00195,2021 Kia K5 Base,"Used Kia K5 at the North Lot location with 52,587 miles and available status.",2025-08-06,STK00195,FAKEVIN00000000195,2021,Kia,K5,Base,Used,Available,Coupe,Hybrid,White,52587,35145,46633,,11488,148,Westside,,,2025-08-06,
2022-toyota-tacoma-sel-stk00196,2022 Toyota Tacoma SEL,"Used Toyota Tacoma at the North Lot location with 27,257 miles and sold status.",2025-12-04,STK00196,FAKEVIN00000000196,2022,Toyota,Tacoma,SEL,Used,Sold,Truck,Diesel,Black,27257,57619,66163,63698,6079,28,North Lot,Ana Costa,Referral,2025-12-04,2026-01-10
2023-tesla-model-3-sport-stk00197,2023 Tesla Model 3 Sport,New Tesla Model 3 at the Airport location with 0 miles and sold status.,2025-10-17,STK00197,FAKEVIN00000000197,2023,Tesla,Model 3,Sport,New,Sold,Van,Diesel,Red,0,57249,61903,60179,2930,76,Airport,Iris Chen,Marketplace,2025-10-17,2026-04-21
2025-kia-sorento-ex-l-stk00198,2025 Kia Sorento EX-L,New Kia Sorento at the North Lot location with 0 miles and sold status.,2025-11-03,STK00198,FAKEVIN00000000198,2025,Kia,Sorento,EX-L,New,Sold,Truck,Gasoline,Gray,0,42083,51066,50439,8356,59,Online Hold,Ana Costa,Walk-in,2025-11-03,2026-01-06
2019-nissan-rogue-base-stk00199,2019 Nissan Rogue Base,"Used Nissan Rogue at the Westside location with 6,929 miles and available status.",2025-09-08,STK00199,FAKEVIN00000000199,2019,Nissan,Rogue,Base,Used,Available,Van,Gasoline,Red,6929,74195,79463,,5268,115,Airport,,,2025-09-08,
2017-honda-cr-v-platinum-stk00200,2017 Honda CR-V Platinum,"Used Honda CR-V at the North Lot location with 26,505 miles and available status.",2025-08-20,STK00200,FAKEVIN00000000200,2017,Honda,CR-V,Platinum,Used,Available,Hatchback,Hybrid,White,26505,54717,63605,,8888,134,Online Hold,,,2025-08-20,
2025-mercedes-benz-c-300-platinum-stk00201,2025 Mercedes-Benz C 300 Platinum,"Certified Mercedes-Benz C 300 at the Downtown location with 82,056 miles and available status.",2025-08-15,STK00201,FAKEVIN00000000201,2025,Mercedes-Benz,C 300,Platinum,Certified,Available,Sedan,Hybrid,Silver,82056,75247,83402,,8155,139,Westside,,,2025-08-15,
2021-toyota-corolla-sport-stk00202,2021 Toyota Corolla Sport,New Toyota Corolla at the Downtown location with 0 miles and available status.,2025-09-29,STK00202,FAKEVIN00000000202,2021,Toyota,Corolla,Sport,New,Available,Truck,Electric,Gray,0,45574,49813,,4239,94,Westside,,,2025-09-29,
2017-ford-escape-limited-stk00203,2017 Ford Escape Limited,"Used Ford Escape at the Online Hold location with 65,080 miles and sold status.",2025-11-17,STK00203,FAKEVIN00000000203,2017,Ford,Escape,Limited,Used,Sold,Sedan,Gasoline,White,65080,57945,64231,61681,3736,45,Downtown,Ana Costa,Marketplace,2025-11-17,2026-03-22
2016-tesla-model-3-sel-stk00204,2016 Tesla Model 3 SEL,"Used Tesla Model 3 at the North Lot location with 93,505 miles and available status.",2025-12-20,STK00204,FAKEVIN00000000204,2016,Tesla,Model 3,SEL,Used,Available,Truck,Gasoline,Blue,93505,58406,60904,,2498,12,North Lot,,,2025-12-20,
2017-honda-accord-limited-stk00205,2017 Honda Accord Limited,"Used Honda Accord at the Westside location with 24,541 miles and available status.",2025-12-21,STK00205,FAKEVIN00000000205,2017,Honda,Accord,Limited,Used,Available,Hatchback,Diesel,Champagne,24541,54927,58874,,3947,11,North Lot,,,2025-12-21,
2022-toyota-highlander-platinum-stk00206,2022 Toyota Highlander Platinum,"Certified Toyota Highlander at the Downtown location with 37,692 miles and available status.",2025-11-14,STK00206,FAKEVIN00000000206,2022,Toyota,Highlander,Platinum,Certified,Available,Truck,Hybrid,Red,37692,20022,29504,,9482,48,North Lot,,,2025-11-14,
2021-toyota-corolla-premium-stk00207,2021 Toyota Corolla Premium,New Toyota Corolla at the Westside location with 0 miles and sold status.,2025-09-19,STK00207,FAKEVIN00000000207,2021,Toyota,Corolla,Premium,New,Sold,Truck,Diesel,Gray,0,57638,68920,67027,9389,104,Airport,Noah Kim,Referral,2025-09-19,2026-02-26
2023-chevrolet-silverado-touring-stk00208,2023 Chevrolet Silverado Touring,New Chevrolet Silverado at the Westside location with 0 miles and reserved status.,2025-09-13,STK00208,FAKEVIN00000000208,2023,Chevrolet,Silverado,Touring,New,Reserved,SUV,Gasoline,Green,0,77281,84841,,7560,110,Westside,,,2025-09-13,
2021-chevrolet-equinox-touring-stk00209,2021 Chevrolet Equinox Touring,"Used Chevrolet Equinox at the Online Hold location with 90,322 miles and available status.",2025-11-06,STK00209,FAKEVIN00000000209,2021,Chevrolet,Equinox,Touring,Used,Available,Hatchback,Gasoline,Black,90322,37215,43227,,6012,56,Online Hold,,,2025-11-06,
2020-kia-telluride-base-stk00210,2020 Kia Telluride Base,"Used Kia Telluride at the North Lot location with 24,727 miles and in transit status.",2025-08-09,STK00210,FAKEVIN00000000210,2020,Kia,Telluride,Base,Used,In Transit,Hatchback,Electric,Champagne,24727,46025,48471,,2446,145,Westside,,,2025-08-09,
2021-toyota-tacoma-ex-l-stk00211,2021 Toyota Tacoma EX-L,New Toyota Tacoma at the Airport location with 0 miles and reserved status.,2025-07-20,STK00211,FAKEVIN00000000211,2021,Toyota,Tacoma,EX-L,New,Reserved,Van,Gasoline,Champagne,0,38341,49642,,11301,165,Westside,,,2025-07-20,
2022-bmw-x5-premium-stk00212,2022 BMW X5 Premium,"Used BMW X5 at the Online Hold location with 69,740 miles and available status.",2025-09-09,STK00212,FAKEVIN00000000212,2022,BMW,X5,Premium,Used,Available,Hatchback,Diesel,Silver,69740,29161,37684,,8523,114,Downtown,,,2025-09-09,
2024-kia-sorento-sport-stk00213,2024 Kia Sorento Sport,New Kia Sorento at the Downtown location with 0 miles and available status.,2025-11-05,STK00213,FAKEVIN00000000213,2024,Kia,Sorento,Sport,New,Available,SUV,Gasoline,Champagne,0,21935,27271,,5336,57,Airport,,,2025-11-05,
2018-honda-accord-base-stk00214,2018 Honda Accord Base,"Used Honda Accord at the Online Hold location with 9,437 miles and available status.",2025-07-27,STK00214,FAKEVIN00000000214,2018,Honda,Accord,Base,Used,Available,Sedan,Diesel,Champagne,9437,59500,67263,,7763,158,Online Hold,,,2025-07-27,
2027-hyundai-sonata-sel-stk00215,2027 Hyundai Sonata SEL,New Hyundai Sonata at the Online Hold location with 0 miles and available status.,2025-12-11,STK00215,FAKEVIN00000000215,2027,Hyundai,Sonata,SEL,New,Available,Sedan,Gasoline,Gray,0,47940,49711,,1771,21,Airport,,,2025-12-11,
2023-kia-k5-ex-l-stk00216,2023 Kia K5 EX-L,"Used Kia K5 at the North Lot location with 34,157 miles and available status.",2025-12-24,STK00216,FAKEVIN00000000216,2023,Kia,K5,EX-L,Used,Available,Truck,Electric,White,34157,39850,42845,,2995,8,Westside,,,2025-12-24,
2021-kia-sorento-ex-l-stk00217,2021 Kia Sorento EX-L,"Used Kia Sorento at the North Lot location with 71,659 miles and available status.",2025-08-14,STK00217,FAKEVIN00000000217,2021,Kia,Sorento,EX-L,Used,Available,Coupe,Hybrid,Silver,71659,20907,32626,,11719,140,Westside,,,2025-08-14,
2021-toyota-rav4-base-stk00218,2021 Toyota RAV4 Base,"Certified Toyota RAV4 at the Online Hold location with 41,280 miles and available status.",2025-07-27,STK00218,FAKEVIN00000000218,2021,Toyota,RAV4,Base,Certified,Available,Coupe,Gasoline,Champagne,41280,32772,39975,,7203,158,Downtown,,,2025-07-27,
2026-honda-pilot-premium-stk00219,2026 Honda Pilot Premium,"Certified Honda Pilot at the Online Hold location with 92,219 miles and in transit status.",2025-10-10,STK00219,FAKEVIN00000000219,2026,Honda,Pilot,Premium,Certified,In Transit,Hatchback,Electric,Black,92219,71856,78881,,7025,83,North Lot,,,2025-10-10,
2025-kia-k5-limited-stk00220,2025 Kia K5 Limited,New Kia K5 at the Airport location with 0 miles and available status.,2025-07-11,STK00220,FAKEVIN00000000220,2025,Kia,K5,Limited,New,Available,Van,Diesel,Blue,0,70046,76950,,6904,174,Online Hold,,,2025-07-11,
2022-hyundai-santa-fe-platinum-stk00221,2022 Hyundai Santa Fe Platinum,"Used Hyundai Santa Fe at the Downtown location with 43,325 miles and sold status.",2025-09-13,STK00221,FAKEVIN00000000221,2022,Hyundai,Santa Fe,Platinum,Used,Sold,Hatchback,Hybrid,Green,43325,54729,64038,62533,7804,110,Online Hold,Ana Costa,Walk-in,2025-09-13,2026-03-09
2025-tesla-model-y-se-stk00222,2025 Tesla Model Y SE,New Tesla Model Y at the Airport location with 0 miles and sold status.,2025-09-18,STK00222,FAKEVIN00000000222,2025,Tesla,Model Y,SE,New,Sold,Sedan,Gasoline,Red,0,38357,43828,42462,4105,105,Online Hold,Mateo Silva,Phone,2025-09-18,2026-03-27
2018-honda-pilot-se-stk00223,2018 Honda Pilot SE,"Used Honda Pilot at the Westside location with 41,169 miles and in transit status.",2025-09-15,STK00223,FAKEVIN00000000223,2018,Honda,Pilot,SE,Used,In Transit,Sedan,Gasoline,Blue,41169,73649,78976,,5327,108,Downtown,,,2025-09-15,
2024-chevrolet-traverse-base-stk00224,2024 Chevrolet Traverse Base,New Chevrolet Traverse at the Westside location with 0 miles and available status.,2025-08-15,STK00224,FAKEVIN00000000224,2024,Chevrolet,Traverse,Base,New,Available,Van,Hybrid,Red,0,37452,47706,,10254,139,Online Hold,,,2025-08-15,
2018-mercedes-benz-gle-350-se-stk00225,2018 Mercedes-Benz GLE 350 SE,"Used Mercedes-Benz GLE 350 at the North Lot location with 27,010 miles and sold status.",2025-08-16,STK00225,FAKEVIN00000000225,2018,Mercedes-Benz,GLE 350,SE,Used,Sold,Hatchback,Gasoline,Champagne,27010,76020,80752,79740,3720,138,Downtown,Ana Costa,Website,2025-08-16,2026-07-22
2025-bmw-530i-premium-stk00226,2025 BMW 530i Premium,"Certified BMW 530i at the Westside location with 5,921 miles and available status.",2025-12-12,STK00226,FAKEVIN00000000226,2025,BMW,530i,Premium,Certified,Available,Sedan,Gasoline,White,5921,72229,80984,,8755,20,North Lot,,,2025-12-12,
2021-hyundai-santa-fe-base-stk00227,2021 Hyundai Santa Fe Base,"Used Hyundai Santa Fe at the North Lot location with 40,266 miles and in transit status.",2025-11-04,STK00227,FAKEVIN00000000227,2021,Hyundai,Santa Fe,Base,Used,In Transit,Coupe,Diesel,Blue,40266,53660,55628,,1968,58,North Lot,,,2025-11-04,
2024-nissan-sentra-premium-stk00228,2024 Nissan Sentra Premium,New Nissan Sentra at the Westside location with 0 miles and available status.,2025-12-06,STK00228,FAKEVIN00000000228,2024,Nissan,Sentra,Premium,New,Available,Hatchback,Hybrid,Silver,0,30873,33676,,2803,26,Airport,,,2025-12-06,
2025-honda-pilot-platinum-stk00229,2025 Honda Pilot Platinum,New Honda Pilot at the Downtown location with 0 miles and available status.,2025-07-25,STK00229,FAKEVIN00000000229,2025,Honda,Pilot,Platinum,New,Available,Sedan,Diesel,Red,0,54476,63015,,8539,160,Online Hold,,,2025-07-25,
2021-chevrolet-equinox-premium-stk00230,2021 Chevrolet Equinox Premium,"Used Chevrolet Equinox at the Online Hold location with 95,013 miles and available status.",2025-08-26,STK00230,FAKEVIN00000000230,2021,Chevrolet,Equinox,Premium,Used,Available,Van,Diesel,Champagne,95013,63138,73332,,10194,128,Downtown,,,2025-08-26,
2016-hyundai-elantra-limited-stk00231,2016 Hyundai Elantra Limited,"Used Hyundai Elantra at the Online Hold location with 33,015 miles and sold status.",2025-08-02,STK00231,FAKEVIN00000000231,2016,Hyundai,Elantra,Limited,Used,Sold,Hatchback,Hybrid,Green,33015,57493,64592,62106,4613,152,Westside,Leah Brooks,Marketplace,2025-08-02,2026-01-27
2019-tesla-model-y-sel-stk00232,2019 Tesla Model Y SEL,"Used Tesla Model Y at the Online Hold location with 36,467 miles and in transit status.",2025-12-12,STK00232,FAKEVIN00000000232,2019,Tesla,Model Y,SEL,Used,In Transit,Coupe,Electric,Green,36467,18637,29924,,11287,20,Downtown,,,2025-12-12,
2025-tesla-model-s-touring-stk00233,2025 Tesla Model S Touring,"Certified Tesla Model S at the Online Hold location with 5,153 miles and reserved status.",2025-08-24,STK00233,FAKEVIN00000000233,2025,Tesla,Model S,Touring,Certified,Reserved,Coupe,Diesel,Green,5153,22412,26460,,4048,130,Airport,,,2025-08-24,
2025-toyota-highlander-premium-stk00234,2025 Toyota Highlander Premium,New Toyota Highlander at the Airport location with 0 miles and available status.,2025-10-19,STK00234,FAKEVIN00000000234,2025,Toyota,Highlander,Premium,New,Available,Hatchback,Electric,Champagne,0,39955,45000,,5045,74,Westside,,,2025-10-19,
2025-tesla-model-x-touring-stk00235,2025 Tesla Model X Touring,New Tesla Model X at the Online Hold location with 0 miles and reserved status.,2025-12-26,STK00235,FAKEVIN00000000235,2025,Tesla,Model X,Touring,New,Reserved,SUV,Gasoline,Gray,0,23756,35799,,12043,6,Online Hold,,,2025-12-26,
2023-mercedes-benz-c-300-base-stk00236,2023 Mercedes-Benz C 300 Base,New Mercedes-Benz C 300 at the Westside location with 0 miles and available status.,2025-12-04,STK00236,FAKEVIN00000000236,2023,Mercedes-Benz,C 300,Base,New,Available,SUV,Electric,White,0,19804,30030,,10226,28,North Lot,,,2025-12-04,
2022-toyota-camry-xle-stk00237,2022 Toyota Camry XLE,New Toyota Camry at the Downtown location with 0 miles and available status.,2025-08-04,STK00237,FAKEVIN00000000237,2022,Toyota,Camry,XLE,New,Available,SUV,Hybrid,Gray,0,71596,83077,,11481,150,Downtown,,,2025-08-04,
2021-chevrolet-traverse-limited-stk00238,2021 Chevrolet Traverse Limited,"Certified Chevrolet Traverse at the Westside location with 38,595 miles and available status.",2025-08-30,STK00238,FAKEVIN00000000238,2021,Chevrolet,Traverse,Limited,Certified,Available,Truck,Gasoline,Blue,38595,55225,65259,,10034,124,Downtown,,,2025-08-30,
2026-nissan-frontier-platinum-stk00239,2026 Nissan Frontier Platinum,New Nissan Frontier at the Online Hold location with 0 miles and in transit status.,2025-12-25,STK00239,FAKEVIN00000000239,2026,Nissan,Frontier,Platinum,New,In Transit,SUV,Diesel,Silver,0,24585,33246,,8661,7,Downtown,,,2025-12-25,
2024-bmw-x5-sport-stk00240,2024 BMW X5 Sport,"Certified BMW X5 at the Online Hold location with 86,981 miles and reserved status.",2025-09-11,STK00240,FAKEVIN00000000240,2024,BMW,X5,Sport,Certified,Reserved,Hatchback,Diesel,Silver,86981,76845,88869,,12024,112,Downtown,,,2025-09-11,
2023-chevrolet-traverse-se-stk00241,2023 Chevrolet Traverse SE,New Chevrolet Traverse at the Airport location with 0 miles and reserved status.,2025-10-06,STK00241,FAKEVIN00000000241,2023,Chevrolet,Traverse,SE,New,Reserved,Coupe,Hybrid,Black,0,27141,34069,,6928,87,Online Hold,,,2025-10-06,
2025-honda-civic-platinum-stk00242,2025 Honda Civic Platinum,New Honda Civic at the Online Hold location with 0 miles and available status.,2025-10-24,STK00242,FAKEVIN00000000242,2025,Honda,Civic,Platinum,New,Available,Truck,Electric,Green,0,66645,78036,,11391,69,Online Hold,,,2025-10-24,
2023-toyota-tacoma-se-stk00243,2023 Toyota Tacoma SE,"Used Toyota Tacoma at the Online Hold location with 53,703 miles and available status.",2025-08-29,STK00243,FAKEVIN00000000243,2023,Toyota,Tacoma,SE,Used,Available,SUV,Electric,Green,53703,67422,75633,,8211,125,Online Hold,,,2025-08-29,
2027-hyundai-sonata-se-stk00244,2027 Hyundai Sonata SE,New Hyundai Sonata at the Downtown location with 0 miles and available status.,2025-09-06,STK00244,FAKEVIN00000000244,2027,Hyundai,Sonata,SE,New,Available,Truck,Gasoline,Champagne,0,38325,45062,,6737,117,Airport,,,2025-09-06,
2019-kia-telluride-premium-stk00245,2019 Kia Telluride Premium,"Used Kia Telluride at the Online Hold location with 50,822 miles and reserved status.",2025-10-19,STK00245,FAKEVIN00000000245,2019,Kia,Telluride,Premium,Used,Reserved,Coupe,Diesel,Green,50822,45852,51475,,5623,74,Airport,,,2025-10-19,
2020-hyundai-elantra-limited-stk00246,2020 Hyundai Elantra Limited,"Used Hyundai Elantra at the Downtown location with 26,959 miles and available status.",2025-10-06,STK00246,FAKEVIN00000000246,2020,Hyundai,Elantra,Limited,Used,Available,Van,Hybrid,Green,26959,25735,32856,,7121,87,Online Hold,,,2025-10-06,
2021-kia-k5-xle-stk00247,2021 Kia K5 XLE,New Kia K5 at the Airport location with 0 miles and sold status.,2025-10-21,STK00247,FAKEVIN00000000247,2021,Kia,K5,XLE,New,Sold,Sedan,Electric,Red,0,47672,49914,47665,-7,72,Online Hold,Noah Kim,Marketplace,2025-10-21,2026-04-14
2027-chevrolet-traverse-xle-stk00248,2027 Chevrolet Traverse XLE,"Certified Chevrolet Traverse at the Airport location with 72,735 miles and available status.",2025-07-29,STK00248,FAKEVIN00000000248,2027,Chevrolet,Traverse,XLE,Certified,Available,Hatchback,Gasoline,Blue,72735,72981,84335,,11354,156,Online Hold,,,2025-07-29,
2023-chevrolet-traverse-sel-stk00249,2023 Chevrolet Traverse SEL,New Chevrolet Traverse at the Westside location with 0 miles and available status.,2025-11-17,STK00249,FAKEVIN00000000249,2023,Chevrolet,Traverse,SEL,New,Available,Van,Diesel,Blue,0,63675,69144,,5469,45,Westside,,,2025-11-17,
2023-mercedes-benz-c-300-platinum-stk00250,2023 Mercedes-Benz C 300 Platinum,"Used Mercedes-Benz C 300 at the Online Hold location with 28,412 miles and service hold status.",2025-11-08,STK00250,FAKEVIN00000000250,2023,Mercedes-Benz,C 300,Platinum,Used,Service Hold,Truck,Hybrid,Champagne,28412,31067,33441,,2374,54,Downtown,,,2025-11-08,
2026-bmw-x5-xle-stk00251,2026 BMW X5 XLE,New BMW X5 at the Downtown location with 0 miles and available status.,2025-10-24,STK00251,FAKEVIN00000000251,2026,BMW,X5,XLE,New,Available,Van,Diesel,Champagne,0,56204,61459,,5255,69,North Lot,,,2025-10-24,
2022-hyundai-elantra-sel-stk00252,2022 Hyundai Elantra SEL,New Hyundai Elantra at the North Lot location with 0 miles and available status.,2025-11-29,STK00252,FAKEVIN00000000252,2022,Hyundai,Elantra,SEL,New,Available,Truck,Gasoline,Gray,0,29066,34450,,5384,33,Downtown,,,2025-11-29,
2017-toyota-camry-se-stk00253,2017 Toyota Camry SE,"Used Toyota Camry at the North Lot location with 52,277 miles and available status.",2025-10-09,STK00253,FAKEVIN00000000253,2017,Toyota,Camry,SE,Used,Available,Sedan,Diesel,Champagne,52277,71698,74163,,2465,84,North Lot,,,2025-10-09,
2018-tesla-model-3-sport-stk00254,2018 Tesla Model 3 Sport,"Used Tesla Model 3 at the Online Hold location with 51,627 miles and sold status.",2025-08-17,STK00254,FAKEVIN00000000254,2018,Tesla,Model 3,Sport,Used,Sold,Coupe,Hybrid,Silver,51627,59884,69843,67085,7201,137,Downtown,Leah Brooks,Website,2025-08-17,2026-03-25
2018-nissan-altima-limited-stk00255,2018 Nissan Altima Limited,"Used Nissan Altima at the Westside location with 69,582 miles and service hold status.",2025-08-08,STK00255,FAKEVIN00000000255,2018,Nissan,Altima,Limited,Used,Service Hold,Hatchback,Diesel,Red,69582,29629,33567,,3938,146,Airport,,,2025-08-08,
2020-kia-telluride-se-stk00256,2020 Kia Telluride SE,"Used Kia Telluride at the Westside location with 62,982 miles and sold status.",2025-09-07,STK00256,FAKEVIN00000000256,2020,Kia,Telluride,SE,Used,Sold,Truck,Diesel,Champagne,62982,64262,68465,66235,1973,116,Westside,Iris Chen,Marketplace,2025-09-07,2026-05-27
2022-bmw-x3-ex-l-stk00257,2022 BMW X3 EX-L,"Used BMW X3 at the North Lot location with 16,716 miles and available status.",2025-12-14,STK00257,FAKEVIN00000000257,2022,BMW,X3,EX-L,Used,Available,SUV,Hybrid,Blue,16716,63436,71867,,8431,18,Online Hold,,,2025-12-14,
2019-tesla-model-x-xle-stk00258,2019 Tesla Model X XLE,"Used Tesla Model X at the Downtown location with 6,603 miles and sold status.",2025-12-18,STK00258,FAKEVIN00000000258,2019,Tesla,Model X,XLE,Used,Sold,Sedan,Gasoline,Silver,6603,67519,76132,74178,6659,14,Downtown,Mateo Silva,Website,2025-12-18,2026-04-24
2022-nissan-rogue-touring-stk00259,2022 Nissan Rogue Touring,"Used Nissan Rogue at the North Lot location with 83,740 miles and available status.",2025-12-13,STK00259,FAKEVIN00000000259,2022,Nissan,Rogue,Touring,Used,Available,Van,Electric,Blue,83740,64671,68978,,4307,19,Downtown,,,2025-12-13,
2018-kia-sorento-base-stk00260,2018 Kia Sorento Base,"Used Kia Sorento at the Online Hold location with 16,590 miles and reserved status.",2025-10-29,STK00260,FAKEVIN00000000260,2018,Kia,Sorento,Base,Used,Reserved,Coupe,Hybrid,Champagne,16590,65049,74647,,9598,64,Downtown,,,2025-10-29,
2024-mercedes-benz-c-300-base-stk00261,2024 Mercedes-Benz C 300 Base,New Mercedes-Benz C 300 at the Downtown location with 0 miles and available status.,2025-07-19,STK00261,FAKEVIN00000000261,2024,Mercedes-Benz,C 300,Base,New,Available,Van,Electric,Silver,0,54444,61320,,6876,166,Downtown,,,2025-07-19,
2021-kia-telluride-sport-stk00262,2021 Kia Telluride Sport,New Kia Telluride at the Airport location with 0 miles and available status.,2025-09-19,STK00262,FAKEVIN00000000262,2021,Kia,Telluride,Sport,New,Available,Truck,Gasoline,White,0,51916,63244,,11328,104,Downtown,,,2025-09-19,
2020-honda-pilot-sport-stk00263,2020 Honda Pilot Sport,"Used Honda Pilot at the Westside location with 53,734 miles and available status.",2025-10-16,STK00263,FAKEVIN00000000263,2020,Honda,Pilot,Sport,Used,Available,Sedan,Hybrid,Silver,53734,65061,73096,,8035,77,Downtown,,,2025-10-16,
2026-tesla-model-x-limited-stk00264,2026 Tesla Model X Limited,New Tesla Model X at the Downtown location with 0 miles and reserved status.,2025-12-15,STK00264,FAKEVIN00000000264,2026,Tesla,Model X,Limited,New,Reserved,Truck,Hybrid,Red,0,20309,29668,,9359,17,Airport,,,2025-12-15,
2019-kia-sorento-base-stk00265,2019 Kia Sorento Base,"Used Kia Sorento at the Airport location with 13,978 miles and sold status.",2025-09-21,STK00265,FAKEVIN00000000265,2019,Kia,Sorento,Base,Used,Sold,Truck,Gasoline,Red,13978,48945,53219,52126,3181,102,Downtown,Joao Mendez,Website,2025-09-21,2026-02-14
2025-ford-explorer-se-stk00266,2025 Ford Explorer SE,"Used Ford Explorer at the Airport location with 94,890 miles and available status.",2025-12-03,STK00266,FAKEVIN00000000266,2025,Ford,Explorer,SE,Used,Available,Truck,Hybrid,Green,94890,75539,84470,,8931,29,Westside,,,2025-12-03,
2026-tesla-model-3-sport-stk00267,2026 Tesla Model 3 Sport,"Certified Tesla Model 3 at the Westside location with 81,065 miles and sold status.",2025-12-19,STK00267,FAKEVIN00000000267,2026,Tesla,Model 3,Sport,Certified,Sold,Hatchback,Electric,Champagne,81065,26782,30764,30416,3634,13,Westside,Miles Grant,Walk-in,2025-12-19,2026-04-23
2019-kia-soul-platinum-stk00268,2019 Kia Soul Platinum,"Used Kia Soul at the Airport location with 8,010 miles and in transit status.",2025-08-03,STK00268,FAKEVIN00000000268,2019,Kia,Soul,Platinum,Used,In Transit,Hatchback,Electric,White,8010,27320,32192,,4872,151,North Lot,,,2025-08-03,
2026-hyundai-santa-fe-platinum-stk00269,2026 Hyundai Santa Fe Platinum,New Hyundai Santa Fe at the Airport location with 0 miles and reserved status.,2025-07-23,STK00269,FAKEVIN00000000269,2026,Hyundai,Santa Fe,Platinum,New,Reserved,Van,Diesel,Silver,0,66408,73533,,7125,162,Airport,,,2025-07-23,
2020-toyota-highlander-sel-stk00270,2020 Toyota Highlander SEL,"Used Toyota Highlander at the Westside location with 15,458 miles and available status.",2025-12-03,STK00270,FAKEVIN00000000270,2020,Toyota,Highlander,SEL,Used,Available,Coupe,Gasoline,Champagne,15458,37287,42599,,5312,29,Westside,,,2025-12-03,
2023-nissan-rogue-sport-stk00271,2023 Nissan Rogue Sport,"Certified Nissan Rogue at the Downtown location with 23,867 miles and reserved status.",2025-09-19,STK00271,FAKEVIN00000000271,2023,Nissan,Rogue,Sport,Certified,Reserved,Hatchback,Hybrid,Red,23867,18573,23134,,4561,104,Westside,,,2025-09-19,
2019-toyota-corolla-limited-stk00272,2019 Toyota Corolla Limited,"Used Toyota Corolla at the Airport location with 10,788 miles and available status.",2025-07-29,STK00272,FAKEVIN00000000272,2019,Toyota,Corolla,Limited,Used,Available,Hatchback,Hybrid,Silver,10788,60881,71612,,10731,156,Airport,,,2025-07-29,
2027-nissan-pathfinder-sel-stk00273,2027 Nissan Pathfinder SEL,New Nissan Pathfinder at the Airport location with 0 miles and service hold status.,2025-11-07,STK00273,FAKEVIN00000000273,2027,Nissan,Pathfinder,SEL,New,Service Hold,Sedan,Diesel,Green,0,47786,54142,,6356,55,Airport,,,2025-11-07,
2024-chevrolet-tahoe-premium-stk00274,2024 Chevrolet Tahoe Premium,"Certified Chevrolet Tahoe at the Downtown location with 81,927 miles and reserved status.",2025-07-23,STK00274,FAKEVIN00000000274,2024,Chevrolet,Tahoe,Premium,Certified,Reserved,SUV,Electric,Blue,81927,27108,34725,,7617,162,Downtown,,,2025-07-23,
2026-honda-accord-touring-stk00275,2026 Honda Accord Touring,"Certified Honda Accord at the Downtown location with 16,933 miles and reserved status.",2025-09-14,STK00275,FAKEVIN00000000275,2026,Honda,Accord,Touring,Certified,Reserved,Van,Electric,Green,16933,19280,23510,,4230,109,Online Hold,,,2025-09-14,
2026-ford-explorer-sport-stk00276,2026 Ford Explorer Sport,"Certified Ford Explorer at the North Lot location with 62,785 miles and reserved status.",2025-08-20,STK00276,FAKEVIN00000000276,2026,Ford,Explorer,Sport,Certified,Reserved,Coupe,Gasoline,White,62785,55610,59932,,4322,134,Airport,,,2025-08-20,
2022-ford-explorer-platinum-stk00277,2022 Ford Explorer Platinum,New Ford Explorer at the Online Hold location with 0 miles and available status.,2025-11-02,STK00277,FAKEVIN00000000277,2022,Ford,Explorer,Platinum,New,Available,Van,Gasoline,Black,0,67997,71669,,3672,60,Downtown,,,2025-11-02,
2024-nissan-altima-xle-stk00278,2024 Nissan Altima XLE,"Certified Nissan Altima at the Online Hold location with 70,587 miles and service hold status.",2025-07-11,STK00278,FAKEVIN00000000278,2024,Nissan,Altima,XLE,Certified,Service Hold,Sedan,Electric,Champagne,70587,61177,70054,,8877,174,Online Hold,,,2025-07-11,
2021-tesla-model-s-base-stk00279,2021 Tesla Model S Base,New Tesla Model S at the Westside location with 0 miles and available status.,2025-07-23,STK00279,FAKEVIN00000000279,2021,Tesla,Model S,Base,New,Available,Van,Electric,Green,0,71641,77994,,6353,162,Westside,,,2025-07-23,
2022-hyundai-santa-fe-touring-stk00280,2022 Hyundai Santa Fe Touring,"Used Hyundai Santa Fe at the North Lot location with 83,589 miles and available status.",2025-07-16,STK00280,FAKEVIN00000000280,2022,Hyundai,Santa Fe,Touring,Used,Available,Coupe,Diesel,Silver,83589,63583,68898,,5315,169,Downtown,,,2025-07-16,
2023-kia-soul-platinum-stk00281,2023 Kia Soul Platinum,New Kia Soul at the Downtown location with 0 miles and sold status.,2025-07-07,STK00281,FAKEVIN00000000281,2023,Kia,Soul,Platinum,New,Sold,Van,Gasoline,Black,0,58429,62834,60550,2121,178,North Lot,Noah Kim,Walk-in,2025-07-07,2026-02-05
2022-tesla-model-3-sport-stk00282,2022 Tesla Model 3 Sport,New Tesla Model 3 at the North Lot location with 0 miles and available status.,2025-09-16,STK00282,FAKEVIN00000000282,2022,Tesla,Model 3,Sport,New,Available,Hatchback,Gasoline,Blue,0,52222,56274,,4052,107,North Lot,,,2025-09-16,
2021-mercedes-benz-e-350-base-stk00283,2021 Mercedes-Benz E 350 Base,"Certified Mercedes-Benz E 350 at the Online Hold location with 9,103 miles and available status.",2025-10-02,STK00283,FAKEVIN00000000283,2021,Mercedes-Benz,E 350,Base,Certified,Available,Truck,Hybrid,Black,9103,49946,60039,,10093,91,Online Hold,,,2025-10-02,
2022-bmw-330i-ex-l-stk00284,2022 BMW 330i EX-L,New BMW 330i at the Airport location with 0 miles and available status.,2025-08-28,STK00284,FAKEVIN00000000284,2022,BMW,330i,EX-L,New,Available,Sedan,Hybrid,Blue,0,75400,80948,,5548,126,North Lot,,,2025-08-28,
2024-nissan-altima-touring-stk00285,2024 Nissan Altima Touring,New Nissan Altima at the North Lot location with 0 miles and service hold status.,2025-09-02,STK00285,FAKEVIN00000000285,2024,Nissan,Altima,Touring,New,Service Hold,Coupe,Hybrid,Blue,0,39431,43474,,4043,121,Westside,,,2025-09-02,
2020-honda-cr-v-sel-stk00286,2020 Honda CR-V SEL,"Used Honda CR-V at the Downtown location with 87,520 miles and available status.",2025-10-18,STK00286,FAKEVIN00000000286,2020,Honda,CR-V,SEL,Used,Available,Coupe,Diesel,Black,87520,20481,30413,,9932,75,Downtown,,,2025-10-18,
2026-mercedes-benz-cla-250-limited-stk00287,2026 Mercedes-Benz CLA 250 Limited,New Mercedes-Benz CLA 250 at the North Lot location with 0 miles and reserved status.,2025-12-21,STK00287,FAKEVIN00000000287,2026,Mercedes-Benz,CLA 250,Limited,New,Reserved,Van,Hybrid,Silver,0,75924,83393,,7469,11,North Lot,,,2025-12-21,
2022-tesla-model-3-se-stk00288,2022 Tesla Model 3 SE,"Certified Tesla Model 3 at the Westside location with 58,651 miles and available status.",2025-09-12,STK00288,FAKEVIN00000000288,2022,Tesla,Model 3,SE,Certified,Available,Hatchback,Gasoline,Gray,58651,65507,70227,,4720,111,Downtown,,,2025-09-12,
2021-toyota-camry-sel-stk00289,2021 Toyota Camry SEL,New Toyota Camry at the Online Hold location with 0 miles and available status.,2025-12-03,STK00289,FAKEVIN00000000289,2021,Toyota,Camry,SEL,New,Available,Truck,Hybrid,Blue,0,49448,53160,,3712,29,North Lot,,,2025-12-03,
2021-kia-soul-sport-stk00290,2021 Kia Soul Sport,"Used Kia Soul at the Airport location with 79,814 miles and available status.",2025-08-20,STK00290,FAKEVIN00000000290,2021,Kia,Soul,Sport,Used,Available,Hatchback,Hybrid,Blue,79814,49525,59263,,9738,134,Online Hold,,,2025-08-20,
2026-tesla-model-x-base-stk00291,2026 Tesla Model X Base,"Certified Tesla Model X at the Airport location with 44,390 miles and available status.",2025-12-16,STK00291,FAKEVIN00000000291,2026,Tesla,Model X,Base,Certified,Available,Coupe,Diesel,Gray,44390,53864,60313,,6449,16,Airport,,,2025-12-16,
2027-bmw-x5-sport-stk00292,2027 BMW X5 Sport,"Certified BMW X5 at the Online Hold location with 18,534 miles and service hold status.",2025-11-17,STK00292,FAKEVIN00000000292,2027,BMW,X5,Sport,Certified,Service Hold,Van,Electric,Gray,18534,71111,80329,,9218,45,Online Hold,,,2025-11-17,
2020-mercedes-benz-cla-250-sport-stk00293,2020 Mercedes-Benz CLA 250 Sport,"Used Mercedes-Benz CLA 250 at the Downtown location with 54,056 miles and sold status.",2025-08-09,STK00293,FAKEVIN00000000293,2020,Mercedes-Benz,CLA 250,Sport,Used,Sold,Truck,Gasoline,Red,54056,56795,66134,63904,7109,145,Downtown,Joao Mendez,Walk-in,2025-08-09,2026-04-10
2024-bmw-m240i-limited-stk00294,2024 BMW M240i Limited,New BMW M240i at the Westside location with 0 miles and sold status.,2025-07-27,STK00294,FAKEVIN00000000294,2024,BMW,M240i,Limited,New,Sold,Truck,Hybrid,Blue,0,50444,58950,57036,6592,158,Airport,Joao Mendez,Referral,2025-07-27,2026-06-23
2024-ford-escape-ex-l-stk00295,2024 Ford Escape EX-L,New Ford Escape at the Downtown location with 0 miles and available status.,2025-12-30,STK00295,FAKEVIN00000000295,2024,Ford,Escape,EX-L,New,Available,Truck,Electric,Green,0,71433,74399,,2966,2,Downtown,,,2025-12-30,
2025-hyundai-elantra-base-stk00296,2025 Hyundai Elantra Base,New Hyundai Elantra at the Airport location with 0 miles and in transit status.,2025-08-12,STK00296,FAKEVIN00000000296,2025,Hyundai,Elantra,Base,New,In Transit,Van,Hybrid,Red,0,57214,60207,,2993,142,Airport,,,2025-08-12,
2025-mercedes-benz-gle-350-sel-stk00297,2025 Mercedes-Benz GLE 350 SEL,New Mercedes-Benz GLE 350 at the Downtown location with 0 miles and sold status.,2025-08-16,STK00297,FAKEVIN00000000297,2025,Mercedes-Benz,GLE 350,SEL,New,Sold,Hatchback,Electric,Blue,0,59492,68749,66590,7098,138,Airport,Iris Chen,Website,2025-08-16,2026-07-11
2024-chevrolet-tahoe-sel-stk00298,2024 Chevrolet Tahoe SEL,New Chevrolet Tahoe at the Westside location with 0 miles and in transit status.,2025-11-05,STK00298,FAKEVIN00000000298,2024,Chevrolet,Tahoe,SEL,New,In Transit,Truck,Gasoline,Champagne,0,50662,55115,,4453,57,Westside,,,2025-11-05,
2020-nissan-rogue-sel-stk00299,2020 Nissan Rogue SEL,"Used Nissan Rogue at the Westside location with 19,758 miles and available status.",2025-10-28,STK00299,FAKEVIN00000000299,2020,Nissan,Rogue,SEL,Used,Available,Sedan,Diesel,Champagne,19758,51344,56222,,4878,65,Airport,,,2025-10-28,
2026-tesla-model-3-se-stk00300,2026 Tesla Model 3 SE,New Tesla Model 3 at the North Lot location with 0 miles and available status.,2025-09-23,STK00300,FAKEVIN00000000300,2026,Tesla,Model 3,SE,New,Available,Truck,Electric,Gray,0,29595,36198,,6603,100,Westside,,,2025-09-23,
2022-toyota-rav4-sport-stk00301,2022 Toyota RAV4 Sport,"Certified Toyota RAV4 at the Online Hold location with 22,908 miles and available status.",2025-07-14,STK00301,FAKEVIN00000000301,2022,Toyota,RAV4,Sport,Certified,Available,SUV,Hybrid,Silver,22908,46019,47617,,1598,171,Airport,,,2025-07-14,
2018-bmw-x3-xle-stk00302,2018 BMW X3 XLE,"Used BMW X3 at the Online Hold location with 84,856 miles and available status.",2025-12-10,STK00302,FAKEVIN00000000302,2018,BMW,X3,XLE,Used,Available,Coupe,Gasoline,Blue,84856,72536,79220,,6684,22,Westside,,,2025-12-10,
2022-mercedes-benz-glc-300-xle-stk00303,2022 Mercedes-Benz GLC 300 XLE,"Certified Mercedes-Benz GLC 300 at the North Lot location with 80,199 miles and reserved status.",2025-07-29,STK00303,FAKEVIN00000000303,2022,Mercedes-Benz,GLC 300,XLE,Certified,Reserved,Hatchback,Electric,Red,80199,25425,33878,,8453,156,Airport,,,2025-07-29,
2020-mercedes-benz-glc-300-base-stk00304,2020 Mercedes-Benz GLC 300 Base,"Used Mercedes-Benz GLC 300 at the Airport location with 12,934 miles and sold status.",2025-12-17,STK00304,FAKEVIN00000000304,2020,Mercedes-Benz,GLC 300,Base,Used,Sold,Truck,Electric,Blue,12934,19305,30125,28474,9169,15,Online Hold,Noah Kim,Referral,2025-12-17,2026-01-12
2027-kia-sorento-touring-stk00305,2027 Kia Sorento Touring,New Kia Sorento at the Airport location with 0 miles and in transit status.,2025-12-03,STK00305,FAKEVIN00000000305,2027,Kia,Sorento,Touring,New,In Transit,Truck,Gasoline,White,0,32355,38159,,5804,29,Downtown,,,2025-12-03,
2023-mercedes-benz-c-300-platinum-stk00306,2023 Mercedes-Benz C 300 Platinum,New Mercedes-Benz C 300 at the Downtown location with 0 miles and sold status.,2025-07-08,STK00306,FAKEVIN00000000306,2023,Mercedes-Benz,C 300,Platinum,New,Sold,Coupe,Hybrid,White,0,42788,50238,47480,4692,177,Airport,Ana Costa,Referral,2025-07-08,2026-07-18
2016-kia-soul-se-stk00307,2016 Kia Soul SE,"Used Kia Soul at the North Lot location with 43,721 miles and sold status.",2025-11-21,STK00307,FAKEVIN00000000307,2016,Kia,Soul,SE,Used,Sold,Truck,Electric,White,43721,18089,26451,25261,7172,41,Downtown,Iris Chen,Walk-in,2025-11-21,2026-07-20
2019-chevrolet-malibu-premium-stk00308,2019 Chevrolet Malibu Premium,"Used Chevrolet Malibu at the Westside location with 56,644 miles and sold status.",2025-07-26,STK00308,FAKEVIN00000000308,2019,Chevrolet,Malibu,Premium,Used,Sold,Hatchback,Hybrid,White,56644,66436,75023,73357,6921,159,Westside,Leah Brooks,Website,2025-07-26,2026-03-29
2019-toyota-tacoma-sport-stk00309,2019 Toyota Tacoma Sport,"Used Toyota Tacoma at the Westside location with 68,794 miles and sold status.",2025-09-07,STK00309,FAKEVIN00000000309,2019,Toyota,Tacoma,Sport,Used,Sold,Van,Diesel,Gray,68794,55761,58383,57979,2218,116,Airport,Leah Brooks,Marketplace,2025-09-07,2026-04-26
2019-chevrolet-traverse-touring-stk00310,2019 Chevrolet Traverse Touring,"Used Chevrolet Traverse at the Airport location with 39,086 miles and in transit status.",2025-09-26,STK00310,FAKEVIN00000000310,2019,Chevrolet,Traverse,Touring,Used,In Transit,Sedan,Gasoline,Red,39086,21917,26288,,4371,97,North Lot,,,2025-09-26,
2024-honda-ridgeline-ex-l-stk00311,2024 Honda Ridgeline EX-L,"Used Honda Ridgeline at the Airport location with 71,710 miles and sold status.",2025-09-23,STK00311,FAKEVIN00000000311,2024,Honda,Ridgeline,EX-L,Used,Sold,SUV,Gasoline,Red,71710,59578,64922,63349,3771,100,North Lot,Joao Mendez,Marketplace,2025-09-23,2026-05-28
2022-chevrolet-silverado-touring-stk00312,2022 Chevrolet Silverado Touring,New Chevrolet Silverado at the Online Hold location with 0 miles and sold status.,2025-08-29,STK00312,FAKEVIN00000000312,2022,Chevrolet,Silverado,Touring,New,Sold,Truck,Electric,White,0,62706,73147,71879,9173,125,Westside,Iris Chen,Website,2025-08-29,2026-01-19
2026-nissan-pathfinder-base-stk00313,2026 Nissan Pathfinder Base,"Certified Nissan Pathfinder at the Downtown location with 47,717 miles and sold status.",2025-10-30,STK00313,FAKEVIN00000000313,2026,Nissan,Pathfinder,Base,Certified,Sold,Hatchback,Diesel,Red,47717,51993,61314,58950,6957,63,Downtown,Mateo Silva,Phone,2025-10-30,2026-06-07
2022-kia-telluride-base-stk00314,2022 Kia Telluride Base,"Certified Kia Telluride at the Airport location with 38,248 miles and available status.",2025-11-08,STK00314,FAKEVIN00000000314,2022,Kia,Telluride,Base,Certified,Available,SUV,Gasoline,Champagne,38248,56201,67355,,11154,54,Westside,,,2025-11-08,
2023-chevrolet-traverse-ex-l-stk00315,2023 Chevrolet Traverse EX-L,"Certified Chevrolet Traverse at the Online Hold location with 67,861 miles and available status.",2025-12-17,STK00315,FAKEVIN00000000315,2023,Chevrolet,Traverse,EX-L,Certified,Available,SUV,Gasoline,Gray,67861,46266,57608,,11342,15,North Lot,,,2025-12-17,
2022-chevrolet-malibu-ex-l-stk00316,2022 Chevrolet Malibu EX-L,"Used Chevrolet Malibu at the Downtown location with 44,639 miles and sold status.",2025-10-19,STK00316,FAKEVIN00000000316,2022,Chevrolet,Malibu,EX-L,Used,Sold,SUV,Diesel,Green,44639,28897,37924,35764,6867,74,Online Hold,Mateo Silva,Phone,2025-10-19,2026-05-20
2024-ford-f-150-sport-stk00317,2024 Ford F-150 Sport,New Ford F-150 at the North Lot location with 0 miles and available status.,2025-11-08,STK00317,FAKEVIN00000000317,2024,Ford,F-150,Sport,New,Available,Hatchback,Hybrid,Blue,0,24867,36379,,11512,54,Online Hold,,,2025-11-08,
2024-kia-telluride-limited-stk00318,2024 Kia Telluride Limited,"Used Kia Telluride at the Westside location with 87,343 miles and available status.",2025-11-12,STK00318,FAKEVIN00000000318,2024,Kia,Telluride,Limited,Used,Available,Coupe,Gasoline,Red,87343,45707,58229,,12522,50,North Lot,,,2025-11-12,
2025-honda-pilot-xle-stk00319,2025 Honda Pilot XLE,"Certified Honda Pilot at the North Lot location with 6,805 miles and reserved status.",2025-09-20,STK00319,FAKEVIN00000000319,2025,Honda,Pilot,XLE,Certified,Reserved,SUV,Diesel,Red,6805,45648,51288,,5640,103,Airport,,,2025-09-20,
2024-chevrolet-tahoe-se-stk00320,2024 Chevrolet Tahoe SE,New Chevrolet Tahoe at the North Lot location with 0 miles and sold status.,2025-09-09,STK00320,FAKEVIN00000000320,2024,Chevrolet,Tahoe,SE,New,Sold,Coupe,Diesel,Gray,0,21830,28185,27653,5823,114,Westside,Joao Mendez,Phone,2025-09-09,2026-06-15
2025-ford-explorer-limited-stk00321,2025 Ford Explorer Limited,"Certified Ford Explorer at the North Lot location with 91,501 miles and available status.",2025-08-15,STK00321,FAKEVIN00000000321,2025,Ford,Explorer,Limited,Certified,Available,Truck,Diesel,White,91501,57458,63297,,5839,139,Airport,,,2025-08-15,
2023-chevrolet-silverado-sel-stk00322,2023 Chevrolet Silverado SEL,"Used Chevrolet Silverado at the Downtown location with 24,444 miles and available status.",2025-11-23,STK00322,FAKEVIN00000000322,2023,Chevrolet,Silverado,SEL,Used,Available,Sedan,Gasoline,Red,24444,57756,60870,,3114,39,Westside,,,2025-11-23,
2026-hyundai-elantra-sel-stk00323,2026 Hyundai Elantra SEL,New Hyundai Elantra at the North Lot location with 0 miles and available status.,2025-08-28,STK00323,FAKEVIN00000000323,2026,Hyundai,Elantra,SEL,New,Available,Sedan,Gasoline,Champagne,0,42163,46886,,4723,126,Airport,,,2025-08-28,
2023-kia-k5-premium-stk00324,2023 Kia K5 Premium,"Certified Kia K5 at the Westside location with 70,972 miles and available status.",2025-11-12,STK00324,FAKEVIN00000000324,2023,Kia,K5,Premium,Certified,Available,Hatchback,Hybrid,Green,70972,68484,78296,,9812,50,North Lot,,,2025-11-12,
2024-bmw-x3-touring-stk00325,2024 BMW X3 Touring,New BMW X3 at the Online Hold location with 0 miles and available status.,2025-12-17,STK00325,FAKEVIN00000000325,2024,BMW,X3,Touring,New,Available,Coupe,Electric,Gray,0,39804,45535,,5731,15,North Lot,,,2025-12-17,
2023-ford-escape-platinum-stk00326,2023 Ford Escape Platinum,New Ford Escape at the Downtown location with 0 miles and sold status.,2025-07-14,STK00326,FAKEVIN00000000326,2023,Ford,Escape,Platinum,New,Sold,Truck,Hybrid,Green,0,63992,70090,69383,5391,171,Downtown,Miles Grant,Website,2025-07-14,2026-06-18
2022-hyundai-palisade-premium-stk00327,2022 Hyundai Palisade Premium,New Hyundai Palisade at the Airport location with 0 miles and service hold status.,2025-11-29,STK00327,FAKEVIN00000000327,2022,Hyundai,Palisade,Premium,New,Service Hold,SUV,Electric,Green,0,35017,44273,,9256,33,Online Hold,,,2025-11-29,
2020-nissan-sentra-sel-stk00328,2020 Nissan Sentra SEL,"Used Nissan Sentra at the North Lot location with 51,076 miles and available status.",2025-07-20,STK00328,FAKEVIN00000000328,2020,Nissan,Sentra,SEL,Used,Available,Van,Diesel,Blue,51076,25676,30044,,4368,165,Downtown,,,2025-07-20,
2024-nissan-rogue-base-stk00329,2024 Nissan Rogue Base,"Used Nissan Rogue at the North Lot location with 74,843 miles and sold status.",2025-11-29,STK00329,FAKEVIN00000000329,2024,Nissan,Rogue,Base,Used,Sold,Van,Gasoline,Blue,74843,35020,38182,36104,1084,33,Online Hold,Miles Grant,Marketplace,2025-11-29,2026-05-15
2021-kia-k5-ex-l-stk00330,2021 Kia K5 EX-L,"Used Kia K5 at the Westside location with 47,545 miles and available status.",2025-08-21,STK00330,FAKEVIN00000000330,2021,Kia,K5,EX-L,Used,Available,Truck,Electric,White,47545,33270,41827,,8557,133,Online Hold,,,2025-08-21,
2025-bmw-530i-se-stk00331,2025 BMW 530i SE,New BMW 530i at the Downtown location with 0 miles and in transit status.,2025-09-18,STK00331,FAKEVIN00000000331,2025,BMW,530i,SE,New,In Transit,Coupe,Electric,White,0,29398,37178,,7780,105,Westside,,,2025-09-18,
2022-chevrolet-equinox-ex-l-stk00332,2022 Chevrolet Equinox EX-L,"Used Chevrolet Equinox at the Westside location with 41,746 miles and available status.",2025-11-08,STK00332,FAKEVIN00000000332,2022,Chevrolet,Equinox,EX-L,Used,Available,Hatchback,Gasoline,Black,41746,40648,47209,,6561,54,North Lot,,,2025-11-08,
2022-nissan-altima-limited-stk00333,2022 Nissan Altima Limited,New Nissan Altima at the North Lot location with 0 miles and sold status.,2025-09-01,STK00333,FAKEVIN00000000333,2022,Nissan,Altima,Limited,New,Sold,Truck,Gasoline,White,0,50559,56810,54343,3784,122,Westside,Noah Kim,Phone,2025-09-01,2026-04-24
2022-kia-sorento-platinum-stk00334,2022 Kia Sorento Platinum,"Certified Kia Sorento at the Airport location with 78,889 miles and sold status.",2025-12-04,STK00334,FAKEVIN00000000334,2022,Kia,Sorento,Platinum,Certified,Sold,Truck,Gasoline,Silver,78889,75171,85039,82836,7665,28,North Lot,Priya Shah,Referral,2025-12-04,2026-04-19
2020-ford-mustang-limited-stk00335,2020 Ford Mustang Limited,"Used Ford Mustang at the Airport location with 25,180 miles and available status.",2025-08-15,STK00335,FAKEVIN00000000335,2020,Ford,Mustang,Limited,Used,Available,Truck,Electric,Gray,25180,17642,20045,,2403,139,North Lot,,,2025-08-15,
2021-ford-bronco-sport-ex-l-stk00336,2021 Ford Bronco Sport EX-L,"Certified Ford Bronco Sport at the Airport location with 78,842 miles and available status.",2025-07-16,STK00336,FAKEVIN00000000336,2021,Ford,Bronco Sport,EX-L,Certified,Available,Coupe,Gasoline,White,78842,72767,78355,,5588,169,Downtown,,,2025-07-16,
2021-ford-bronco-sport-touring-stk00337,2021 Ford Bronco Sport Touring,"Used Ford Bronco Sport at the Online Hold location with 82,461 miles and available status.",2025-11-27,STK00337,FAKEVIN00000000337,2021,Ford,Bronco Sport,Touring,Used,Available,Hatchback,Electric,Silver,82461,40053,44065,,4012,35,Westside,,,2025-11-27,
2023-honda-pilot-base-stk00338,2023 Honda Pilot Base,"Used Honda Pilot at the Downtown location with 30,305 miles and in transit status.",2025-09-04,STK00338,FAKEVIN00000000338,2023,Honda,Pilot,Base,Used,In Transit,Truck,Electric,Gray,30305,25267,36656,,11389,119,North Lot,,,2025-09-04,
2023-mercedes-benz-e-350-touring-stk00339,2023 Mercedes-Benz E 350 Touring,"Certified Mercedes-Benz E 350 at the Online Hold location with 15,107 miles and service hold status.",2025-10-14,STK00339,FAKEVIN00000000339,2023,Mercedes-Benz,E 350,Touring,Certified,Service Hold,Sedan,Electric,Silver,15107,34273,43816,,9543,79,Downtown,,,2025-10-14,
2025-toyota-tacoma-premium-stk00340,2025 Toyota Tacoma Premium,"Used Toyota Tacoma at the Airport location with 53,799 miles and available status.",2025-09-29,STK00340,FAKEVIN00000000340,2025,Toyota,Tacoma,Premium,Used,Available,Sedan,Gasoline,Silver,53799,40064,45186,,5122,94,Airport,,,2025-09-29,
2025-nissan-rogue-premium-stk00341,2025 Nissan Rogue Premium,"Used Nissan Rogue at the Westside location with 9,225 miles and available status.",2025-10-20,STK00341,FAKEVIN00000000341,2025,Nissan,Rogue,Premium,Used,Available,Sedan,Diesel,Blue,9225,26893,31284,,4391,73,Westside,,,2025-10-20,
2020-toyota-tacoma-touring-stk00342,2020 Toyota Tacoma Touring,"Used Toyota Tacoma at the North Lot location with 80,925 miles and available status.",2025-07-08,STK00342,FAKEVIN00000000342,2020,Toyota,Tacoma,Touring,Used,Available,Coupe,Diesel,Black,80925,58004,65616,,7612,177,Airport,,,2025-07-08,
2025-ford-f-150-premium-stk00343,2025 Ford F-150 Premium,"Used Ford F-150 at the Westside location with 36,197 miles and available status.",2025-07-11,STK00343,FAKEVIN00000000343,2025,Ford,F-150,Premium,Used,Available,Sedan,Electric,Green,36197,34114,37575,,3461,174,Westside,,,2025-07-11,
2022-chevrolet-tahoe-premium-stk00344,2022 Chevrolet Tahoe Premium,"Used Chevrolet Tahoe at the Airport location with 75,100 miles and in transit status.",2025-12-22,STK00344,FAKEVIN00000000344,2022,Chevrolet,Tahoe,Premium,Used,In Transit,Truck,Electric,White,75100,20188,29867,,9679,10,Downtown,,,2025-12-22,
2020-mercedes-benz-e-350-premium-stk00345,2020 Mercedes-Benz E 350 Premium,"Used Mercedes-Benz E 350 at the North Lot location with 79,344 miles and sold status.",2025-09-30,STK00345,FAKEVIN00000000345,2020,Mercedes-Benz,E 350,Premium,Used,Sold,Sedan,Gasoline,Silver,79344,49458,55386,54862,5404,93,Westside,Ana Costa,Marketplace,2025-09-30,2026-02-12
2021-mercedes-benz-cla-250-premium-stk00346,2021 Mercedes-Benz CLA 250 Premium,"Used Mercedes-Benz CLA 250 at the Online Hold location with 76,235 miles and sold status.",2025-12-24,STK00346,FAKEVIN00000000346,2021,Mercedes-Benz,CLA 250,Premium,Used,Sold,Van,Hybrid,Champagne,76235,42498,45385,44169,1671,8,Airport,Miles Grant,Walk-in,2025-12-24,2026-06-22
2021-honda-civic-limited-stk00347,2021 Honda Civic Limited,"Certified Honda Civic at the Westside location with 78,963 miles and sold status.",2025-10-31,STK00347,FAKEVIN00000000347,2021,Honda,Civic,Limited,Certified,Sold,Hatchback,Electric,Champagne,78963,72357,81477,80126,7769,62,North Lot,Mateo Silva,Marketplace,2025-10-31,2026-01-03
2022-toyota-tacoma-limited-stk00348,2022 Toyota Tacoma Limited,"Used Toyota Tacoma at the Downtown location with 17,095 miles and reserved status.",2025-12-30,STK00348,FAKEVIN00000000348,2022,Toyota,Tacoma,Limited,Used,Reserved,Hatchback,Diesel,Gray,17095,34054,40237,,6183,2,Westside,,,2025-12-30,
2026-mercedes-benz-e-350-ex-l-stk00349,2026 Mercedes-Benz E 350 EX-L,"Certified Mercedes-Benz E 350 at the Online Hold location with 76,899 miles and service hold status.",2025-08-11,STK00349,FAKEVIN00000000349,2026,Mercedes-Benz,E 350,EX-L,Certified,Service Hold,Coupe,Gasoline,Champagne,76899,21480,28661,,7181,143,Downtown,,,2025-08-11,
2020-toyota-rav4-touring-stk00350,2020 Toyota RAV4 Touring,"Used Toyota RAV4 at the Online Hold location with 59,993 miles and sold status.",2025-08-09,STK00350,FAKEVIN00000000350,2020,Toyota,RAV4,Touring,Used,Sold,Van,Electric,Black,59993,52269,59413,57256,4987,145,Westside,Mateo Silva,Marketplace,2025-08-09,2026-03-21
2026-tesla-model-x-sport-stk00351,2026 Tesla Model X Sport,"Certified Tesla Model X at the Downtown location with 14,516 miles and available status.",2025-08-09,STK00351,FAKEVIN00000000351,2026,Tesla,Model X,Sport,Certified,Available,SUV,Gasoline,Gray,14516,28349,35327,,6978,145,Online Hold,,,2025-08-09,
2025-bmw-530i-base-stk00352,2025 BMW 530i Base,"Certified BMW 530i at the North Lot location with 88,125 miles and service hold status.",2025-08-25,STK00352,FAKEVIN00000000352,2025,BMW,530i,Base,Certified,Service Hold,Sedan,Gasoline,White,88125,34985,43988,,9003,129,Online Hold,,,2025-08-25,
2025-bmw-330i-xle-stk00353,2025 BMW 330i XLE,"Certified BMW 330i at the North Lot location with 27,069 miles and sold status.",2025-12-05,STK00353,FAKEVIN00000000353,2025,BMW,330i,XLE,Certified,Sold,SUV,Diesel,Silver,27069,31637,41584,39554,7917,27,Downtown,Priya Shah,Marketplace,2025-12-05,2026-05-04
2026-honda-civic-platinum-stk00354,2026 Honda Civic Platinum,New Honda Civic at the North Lot location with 0 miles and sold status.,2025-09-27,STK00354,FAKEVIN00000000354,2026,Honda,Civic,Platinum,New,Sold,Van,Electric,Champagne,0,29163,31657,30589,1426,96,Airport,Leah Brooks,Website,2025-09-27,2026-01-26
2018-bmw-x5-sel-stk00355,2018 BMW X5 SEL,"Used BMW X5 at the Online Hold location with 42,468 miles and available status.",2025-11-16,STK00355,FAKEVIN00000000355,2018,BMW,X5,SEL,Used,Available,Coupe,Electric,Black,42468,46158,52895,,6737,46,North Lot,,,2025-11-16,
2021-ford-mustang-platinum-stk00356,2021 Ford Mustang Platinum,"Used Ford Mustang at the North Lot location with 20,805 miles and available status.",2025-07-27,STK00356,FAKEVIN00000000356,2021,Ford,Mustang,Platinum,Used,Available,Sedan,Electric,Blue,20805,43723,50906,,7183,158,Airport,,,2025-07-27,
2023-hyundai-palisade-sel-stk00357,2023 Hyundai Palisade SEL,"Certified Hyundai Palisade at the Airport location with 18,945 miles and available status.",2025-09-16,STK00357,FAKEVIN00000000357,2023,Hyundai,Palisade,SEL,Certified,Available,Van,Electric,Black,18945,55847,62738,,6891,107,Westside,,,2025-09-16,
2020-kia-sorento-se-stk00358,2020 Kia Sorento SE,"Used Kia Sorento at the Online Hold location with 48,811 miles and service hold status.",2025-10-17,STK00358,FAKEVIN00000000358,2020,Kia,Sorento,SE,Used,Service Hold,Van,Electric,Red,48811,20534,24143,,3609,76,Airport,,,2025-10-17,
2025-honda-ridgeline-limited-stk00359,2025 Honda Ridgeline Limited,New Honda Ridgeline at the Airport location with 0 miles and available status.,2025-12-28,STK00359,FAKEVIN00000000359,2025,Honda,Ridgeline,Limited,New,Available,Hatchback,Hybrid,Blue,0,75160,84219,,9059,4,North Lot,,,2025-12-28,
2022-honda-civic-platinum-stk00360,2022 Honda Civic Platinum,"Certified Honda Civic at the Airport location with 55,433 miles and sold status.",2025-09-28,STK00360,FAKEVIN00000000360,2022,Honda,Civic,Platinum,Certified,Sold,Coupe,Hybrid,Red,55433,70153,74763,73480,3327,95,Online Hold,Iris Chen,Referral,2025-09-28,2026-07-06
2021-tesla-model-y-base-stk00361,2021 Tesla Model Y Base,"Used Tesla Model Y at the Airport location with 83,732 miles and sold status.",2025-12-24,STK00361,FAKEVIN00000000361,2021,Tesla,Model Y,Base,Used,Sold,Sedan,Gasoline,Gray,83732,69752,73155,70474,722,8,Airport,Joao Mendez,Marketplace,2025-12-24,2026-03-02
2021-kia-k5-base-stk00362,2021 Kia K5 Base,New Kia K5 at the Airport location with 0 miles and available status.,2025-08-20,STK00362,FAKEVIN00000000362,2021,Kia,K5,Base,New,Available,Coupe,Electric,Red,0,34464,43372,,8908,134,Airport,,,2025-08-20,
2023-tesla-model-s-limited-stk00363,2023 Tesla Model S Limited,"Used Tesla Model S at the Westside location with 63,204 miles and sold status.",2025-07-10,STK00363,FAKEVIN00000000363,2023,Tesla,Model S,Limited,Used,Sold,Sedan,Hybrid,Black,63204,73773,84078,81431,7658,175,Westside,Noah Kim,Marketplace,2025-07-10,2026-02-10
2021-mercedes-benz-c-300-xle-stk00364,2021 Mercedes-Benz C 300 XLE,"Certified Mercedes-Benz C 300 at the Airport location with 11,404 miles and available status.",2025-12-01,STK00364,FAKEVIN00000000364,2021,Mercedes-Benz,C 300,XLE,Certified,Available,SUV,Diesel,Red,11404,77314,84480,,7166,31,Downtown,,,2025-12-01,
2022-toyota-rav4-premium-stk00365,2022 Toyota RAV4 Premium,"Used Toyota RAV4 at the North Lot location with 51,223 miles and sold status.",2025-11-10,STK00365,FAKEVIN00000000365,2022,Toyota,RAV4,Premium,Used,Sold,Sedan,Gasoline,Gray,51223,50548,57447,54960,4412,52,North Lot,Priya Shah,Phone,2025-11-10,2026-07-13
2023-honda-ridgeline-platinum-stk00366,2023 Honda Ridgeline Platinum,"Certified Honda Ridgeline at the Downtown location with 25,529 miles and available status.",2025-08-13,STK00366,FAKEVIN00000000366,2023,Honda,Ridgeline,Platinum,Certified,Available,Hatchback,Hybrid,Black,25529,42841,55471,,12630,141,Online Hold,,,2025-08-13,
2022-hyundai-palisade-platinum-stk00367,2022 Hyundai Palisade Platinum,"Used Hyundai Palisade at the North Lot location with 58,630 miles and available status.",2025-07-07,STK00367,FAKEVIN00000000367,2022,Hyundai,Palisade,Platinum,Used,Available,Hatchback,Diesel,Blue,58630,39074,42400,,3326,178,Airport,,,2025-07-07,
2023-mercedes-benz-gle-350-premium-stk00368,2023 Mercedes-Benz GLE 350 Premium,New Mercedes-Benz GLE 350 at the Airport location with 0 miles and service hold status.,2025-10-13,STK00368,FAKEVIN00000000368,2023,Mercedes-Benz,GLE 350,Premium,New,Service Hold,Coupe,Gasoline,White,0,50093,53205,,3112,80,North Lot,,,2025-10-13,
2019-nissan-rogue-xle-stk00369,2019 Nissan Rogue XLE,"Used Nissan Rogue at the North Lot location with 71,539 miles and available status.",2025-09-03,STK00369,FAKEVIN00000000369,2019,Nissan,Rogue,XLE,Used,Available,Sedan,Electric,Gray,71539,55635,62083,,6448,120,Downtown,,,2025-09-03,
2024-chevrolet-tahoe-sport-stk00370,2024 Chevrolet Tahoe Sport,New Chevrolet Tahoe at the Westside location with 0 miles and sold status.,2025-07-10,STK00370,FAKEVIN00000000370,2024,Chevrolet,Tahoe,Sport,New,Sold,Hatchback,Diesel,Red,0,40663,52925,51094,10431,175,North Lot,Ana Costa,Phone,2025-07-10,2026-01-18
2018-tesla-model-3-sport-stk00371,2018 Tesla Model 3 Sport,"Used Tesla Model 3 at the North Lot location with 11,738 miles and available status.",2025-08-08,STK00371,FAKEVIN00000000371,2018,Tesla,Model 3,Sport,Used,Available,SUV,Hybrid,Champagne,11738,70689,75608,,4919,146,Airport,,,2025-08-08,
2023-hyundai-elantra-ex-l-stk00372,2023 Hyundai Elantra EX-L,"Used Hyundai Elantra at the Downtown location with 28,717 miles and reserved status.",2025-12-16,STK00372,FAKEVIN00000000372,2023,Hyundai,Elantra,EX-L,Used,Reserved,Truck,Hybrid,Gray,28717,67148,74847,,7699,16,Online Hold,,,2025-12-16,
2023-bmw-530i-ex-l-stk00373,2023 BMW 530i EX-L,New BMW 530i at the North Lot location with 0 miles and service hold status.,2025-09-16,STK00373,FAKEVIN00000000373,2023,BMW,530i,EX-L,New,Service Hold,Coupe,Electric,Black,0,43404,49841,,6437,107,North Lot,,,2025-09-16,
2021-tesla-model-x-touring-stk00374,2021 Tesla Model X Touring,"Certified Tesla Model X at the Airport location with 9,247 miles and available status.",2025-09-08,STK00374,FAKEVIN00000000374,2021,Tesla,Model X,Touring,Certified,Available,Coupe,Hybrid,Champagne,9247,61934,65958,,4024,115,Downtown,,,2025-09-08,
2019-chevrolet-malibu-sel-stk00375,2019 Chevrolet Malibu SEL,"Used Chevrolet Malibu at the Westside location with 37,467 miles and available status.",2025-10-09,STK00375,FAKEVIN00000000375,2019,Chevrolet,Malibu,SEL,Used,Available,Truck,Diesel,Black,37467,74369,80417,,6048,84,Downtown,,,2025-10-09,
2027-mercedes-benz-glc-300-premium-stk00376,2027 Mercedes-Benz GLC 300 Premium,New Mercedes-Benz GLC 300 at the North Lot location with 0 miles and service hold status.,2025-07-11,STK00376,FAKEVIN00000000376,2027,Mercedes-Benz,GLC 300,Premium,New,Service Hold,Coupe,Electric,Black,0,51262,57230,,5968,174,Westside,,,2025-07-11,
2023-chevrolet-tahoe-sel-stk00377,2023 Chevrolet Tahoe SEL,New Chevrolet Tahoe at the Westside location with 0 miles and in transit status.,2025-09-13,STK00377,FAKEVIN00000000377,2023,Chevrolet,Tahoe,SEL,New,In Transit,Van,Hybrid,Champagne,0,33355,40968,,7613,110,Online Hold,,,2025-09-13,
2026-hyundai-sonata-se-stk00378,2026 Hyundai Sonata SE,New Hyundai Sonata at the North Lot location with 0 miles and sold status.,2025-11-17,STK00378,FAKEVIN00000000378,2026,Hyundai,Sonata,SE,New,Sold,Hatchback,Electric,Green,0,48743,54458,53031,4288,45,Downtown,Mateo Silva,Marketplace,2025-11-17,2026-04-10
2017-toyota-camry-sport-stk00379,2017 Toyota Camry Sport,"Used Toyota Camry at the Airport location with 58,349 miles and service hold status.",2025-10-28,STK00379,FAKEVIN00000000379,2017,Toyota,Camry,Sport,Used,Service Hold,Van,Electric,Blue,58349,26863,28781,,1918,65,Westside,,,2025-10-28,
2021-bmw-m240i-base-stk00380,2021 BMW M240i Base,"Certified BMW M240i at the Airport location with 19,409 miles and available status.",2025-11-16,STK00380,FAKEVIN00000000380,2021,BMW,M240i,Base,Certified,Available,Van,Diesel,Gray,19409,46635,54439,,7804,46,Westside,,,2025-11-16,
2027-kia-sportage-touring-stk00381,2027 Kia Sportage Touring,New Kia Sportage at the North Lot location with 0 miles and available status.,2025-11-24,STK00381,FAKEVIN00000000381,2027,Kia,Sportage,Touring,New,Available,Coupe,Electric,Champagne,0,76879,82077,,5198,38,Westside,,,2025-11-24,
2017-kia-sportage-ex-l-stk00382,2017 Kia Sportage EX-L,"Used Kia Sportage at the Downtown location with 23,219 miles and available status.",2025-12-14,STK00382,FAKEVIN00000000382,2017,Kia,Sportage,EX-L,Used,Available,Truck,Diesel,Gray,23219,48026,58001,,9975,18,Online Hold,,,2025-12-14,
2027-chevrolet-traverse-platinum-stk00383,2027 Chevrolet Traverse Platinum,"Certified Chevrolet Traverse at the Westside location with 91,063 miles and available status.",2025-07-07,STK00383,FAKEVIN00000000383,2027,Chevrolet,Traverse,Platinum,Certified,Available,Sedan,Gasoline,Red,91063,38453,45472,,7019,178,Downtown,,,2025-07-07,
2026-kia-sportage-premium-stk00384,2026 Kia Sportage Premium,"Certified Kia Sportage at the Westside location with 49,783 miles and sold status.",2025-09-05,STK00384,FAKEVIN00000000384,2026,Kia,Sportage,Premium,Certified,Sold,Coupe,Electric,White,49783,71895,81717,79605,7710,118,Online Hold,Miles Grant,Walk-in,2025-09-05,2026-04-28
2019-chevrolet-equinox-limited-stk00385,2019 Chevrolet Equinox Limited,"Used Chevrolet Equinox at the Westside location with 37,893 miles and sold status.",2025-07-17,STK00385,FAKEVIN00000000385,2019,Chevrolet,Equinox,Limited,Used,Sold,SUV,Hybrid,Black,37893,32608,36779,34812,2204,168,North Lot,Noah Kim,Walk-in,2025-07-17,2026-05-24
2022-tesla-model-y-premium-stk00386,2022 Tesla Model Y Premium,"Certified Tesla Model Y at the Online Hold location with 23,866 miles and sold status.",2025-09-05,STK00386,FAKEVIN00000000386,2022,Tesla,Model Y,Premium,Certified,Sold,Hatchback,Electric,Green,23866,33832,37308,35056,1224,118,Downtown,Joao Mendez,Phone,2025-09-05,2026-04-02
2020-ford-bronco-sport-ex-l-stk00387,2020 Ford Bronco Sport EX-L,"Used Ford Bronco Sport at the Westside location with 91,655 miles and reserved status.",2025-10-08,STK00387,FAKEVIN00000000387,2020,Ford,Bronco Sport,EX-L,Used,Reserved,SUV,Gasoline,Blue,91655,60454,67710,,7256,85,Airport,,,2025-10-08,
2023-tesla-model-y-se-stk00388,2023 Tesla Model Y SE,New Tesla Model Y at the Airport location with 0 miles and service hold status.,2025-08-05,STK00388,FAKEVIN00000000388,2023,Tesla,Model Y,SE,New,Service Hold,Truck,Hybrid,Silver,0,51020,57994,,6974,149,Online Hold,,,2025-08-05,
2023-tesla-model-3-xle-stk00389,2023 Tesla Model 3 XLE,"Used Tesla Model 3 at the Downtown location with 68,149 miles and available status.",2025-07-22,STK00389,FAKEVIN00000000389,2023,Tesla,Model 3,XLE,Used,Available,Van,Gasoline,White,68149,26434,32776,,6342,163,Westside,,,2025-07-22,
2025-mercedes-benz-cla-250-premium-stk00390,2025 Mercedes-Benz CLA 250 Premium,New Mercedes-Benz CLA 250 at the Westside location with 0 miles and reserved status.,2025-08-03,STK00390,FAKEVIN00000000390,2025,Mercedes-Benz,CLA 250,Premium,New,Reserved,Van,Hybrid,White,0,43142,46721,,3579,151,Airport,,,2025-08-03,
2022-honda-pilot-se-stk00391,2022 Honda Pilot SE,"Used Honda Pilot at the North Lot location with 59,860 miles and sold status.",2025-10-06,STK00391,FAKEVIN00000000391,2022,Honda,Pilot,SE,Used,Sold,Van,Hybrid,Black,59860,75890,83705,81209,5319,87,Online Hold,Miles Grant,Phone,2025-10-06,2026-03-20
2022-toyota-rav4-platinum-stk00392,2022 Toyota RAV4 Platinum,"Certified Toyota RAV4 at the Westside location with 90,305 miles and reserved status.",2025-12-30,STK00392,FAKEVIN00000000392,2022,Toyota,RAV4,Platinum,Certified,Reserved,Coupe,Diesel,Blue,90305,67648,71125,,3477,2,Westside,,,2025-12-30,
2027-bmw-x5-platinum-stk00393,2027 BMW X5 Platinum,New BMW X5 at the Westside location with 0 miles and available status.,2025-07-17,STK00393,FAKEVIN00000000393,2027,BMW,X5,Platinum,New,Available,Van,Hybrid,White,0,69937,73015,,3078,168,Airport,,,2025-07-17,
2023-bmw-330i-sel-stk00394,2023 BMW 330i SEL,"Certified BMW 330i at the Airport location with 88,761 miles and available status.",2025-12-02,STK00394,FAKEVIN00000000394,2023,BMW,330i,SEL,Certified,Available,Hatchback,Gasoline,White,88761,67496,71989,,4493,30,Online Hold,,,2025-12-02,
2027-chevrolet-malibu-touring-stk00395,2027 Chevrolet Malibu Touring,New Chevrolet Malibu at the Westside location with 0 miles and reserved status.,2025-07-18,STK00395,FAKEVIN00000000395,2027,Chevrolet,Malibu,Touring,New,Reserved,Coupe,Diesel,Champagne,0,54827,64378,,9551,167,Westside,,,2025-07-18,
2024-toyota-corolla-xle-stk00396,2024 Toyota Corolla XLE,"Certified Toyota Corolla at the Westside location with 11,273 miles and sold status.",2025-07-22,STK00396,FAKEVIN00000000396,2024,Toyota,Corolla,XLE,Certified,Sold,SUV,Gasoline,Blue,11273,68287,73161,71226,2939,163,Airport,Noah Kim,Referral,2025-07-22,2026-05-17
2024-hyundai-santa-fe-sport-stk00397,2024 Hyundai Santa Fe Sport,"Certified Hyundai Santa Fe at the Online Hold location with 65,167 miles and available status.",2025-09-12,STK00397,FAKEVIN00000000397,2024,Hyundai,Santa Fe,Sport,Certified,Available,SUV,Diesel,Champagne,65167,29445,34900,,5455,111,North Lot,,,2025-09-12,
2016-nissan-altima-sport-stk00398,2016 Nissan Altima Sport,"Used Nissan Altima at the Westside location with 37,803 miles and sold status.",2025-08-08,STK00398,FAKEVIN00000000398,2016,Nissan,Altima,Sport,Used,Sold,Truck,Electric,Silver,37803,68631,78772,77854,9223,146,North Lot,Mateo Silva,Referral,2025-08-08,2026-05-16
2018-toyota-camry-touring-stk00399,2018 Toyota Camry Touring,"Used Toyota Camry at the Downtown location with 49,445 miles and available status.",2025-12-17,STK00399,FAKEVIN00000000399,2018,Toyota,Camry,Touring,Used,Available,Hatchback,Gasoline,Red,49445,67057,74135,,7078,15,North Lot,,,2025-12-17,
2024-ford-bronco-sport-touring-stk00400,2024 Ford Bronco Sport Touring,"Used Ford Bronco Sport at the Downtown location with 47,914 miles and available status.",2025-08-12,STK00400,FAKEVIN00000000400,2024,Ford,Bronco Sport,Touring,Used,Available,Van,Gasoline,Red,47914,60156,63802,,3646,142,Downtown,,,2025-08-12,
2026-ford-bronco-sport-limited-stk00401,2026 Ford Bronco Sport Limited,New Ford Bronco Sport at the Downtown location with 0 miles and available status.,2025-11-25,STK00401,FAKEVIN00000000401,2026,Ford,Bronco Sport,Limited,New,Available,Hatchback,Diesel,Black,0,21778,27988,,6210,37,Airport,,,2025-11-25,
2018-bmw-530i-ex-l-stk00402,2018 BMW 530i EX-L,"Used BMW 530i at the Westside location with 10,896 miles and available status.",2025-10-24,STK00402,FAKEVIN00000000402,2018,BMW,530i,EX-L,Used,Available,Sedan,Electric,Black,10896,26356,36140,,9784,69,Online Hold,,,2025-10-24,
2022-mercedes-benz-e-350-sport-stk00403,2022 Mercedes-Benz E 350 Sport,New Mercedes-Benz E 350 at the Online Hold location with 0 miles and reserved status.,2025-10-30,STK00403,FAKEVIN00000000403,2022,Mercedes-Benz,E 350,Sport,New,Reserved,Van,Electric,Blue,0,27801,36504,,8703,63,Westside,,,2025-10-30,
2021-toyota-tacoma-ex-l-stk00404,2021 Toyota Tacoma EX-L,"Certified Toyota Tacoma at the North Lot location with 37,291 miles and sold status.",2025-10-17,STK00404,FAKEVIN00000000404,2021,Toyota,Tacoma,EX-L,Certified,Sold,SUV,Gasoline,White,37291,59809,66907,66399,6590,76,North Lot,Iris Chen,Walk-in,2025-10-17,2026-05-24
2024-mercedes-benz-glc-300-platinum-stk00405,2024 Mercedes-Benz GLC 300 Platinum,"Certified Mercedes-Benz GLC 300 at the Airport location with 88,078 miles and sold status.",2025-09-28,STK00405,FAKEVIN00000000405,2024,Mercedes-Benz,GLC 300,Platinum,Certified,Sold,Hatchback,Electric,White,88078,38362,46002,43934,5572,95,Airport,Leah Brooks,Walk-in,2025-09-28,2026-05-30
2024-bmw-m240i-ex-l-stk00406,2024 BMW M240i EX-L,New BMW M240i at the Downtown location with 0 miles and reserved status.,2025-11-29,STK00406,FAKEVIN00000000406,2024,BMW,M240i,EX-L,New,Reserved,Van,Diesel,Black,0,35501,46230,,10729,33,Westside,,,2025-11-29,
2024-mercedes-benz-c-300-touring-stk00407,2024 Mercedes-Benz C 300 Touring,"Certified Mercedes-Benz C 300 at the Westside location with 28,099 miles and sold status.",2025-11-23,STK00407,FAKEVIN00000000407,2024,Mercedes-Benz,C 300,Touring,Certified,Sold,Hatchback,Hybrid,Green,28099,43770,51164,48403,4633,39,Airport,Noah Kim,Walk-in,2025-11-23,2026-06-30
2022-mercedes-benz-glc-300-se-stk00408,2022 Mercedes-Benz GLC 300 SE,New Mercedes-Benz GLC 300 at the North Lot location with 0 miles and available status.,2025-07-20,STK00408,FAKEVIN00000000408,2022,Mercedes-Benz,GLC 300,SE,New,Available,Van,Electric,Red,0,40031,52528,,12497,165,North Lot,,,2025-07-20,
2023-toyota-tacoma-base-stk00409,2023 Toyota Tacoma Base,New Toyota Tacoma at the Online Hold location with 0 miles and sold status.,2025-10-06,STK00409,FAKEVIN00000000409,2023,Toyota,Tacoma,Base,New,Sold,Hatchback,Diesel,Black,0,46233,50723,48279,2046,87,Airport,Joao Mendez,Phone,2025-10-06,2026-01-29
2027-chevrolet-traverse-base-stk00410,2027 Chevrolet Traverse Base,"Certified Chevrolet Traverse at the Airport location with 48,788 miles and sold status.",2025-07-06,STK00410,FAKEVIN00000000410,2027,Chevrolet,Traverse,Base,Certified,Sold,Hatchback,Gasoline,White,48788,60633,65890,63148,2515,179,Online Hold,Miles Grant,Referral,2025-07-06,2026-01-18
2022-tesla-model-y-base-stk00411,2022 Tesla Model Y Base,New Tesla Model Y at the Airport location with 0 miles and sold status.,2025-09-24,STK00411,FAKEVIN00000000411,2022,Tesla,Model Y,Base,New,Sold,Van,Electric,Champagne,0,21375,29447,26812,5437,99,Westside,Ana Costa,Phone,2025-09-24,2026-02-28
2021-ford-escape-touring-stk00412,2021 Ford Escape Touring,"Certified Ford Escape at the Westside location with 81,093 miles and in transit status.",2025-10-09,STK00412,FAKEVIN00000000412,2021,Ford,Escape,Touring,Certified,In Transit,SUV,Gasoline,Gray,81093,55877,60101,,4224,84,Westside,,,2025-10-09,
2020-nissan-frontier-se-stk00413,2020 Nissan Frontier SE,"Used Nissan Frontier at the North Lot location with 12,588 miles and available status.",2025-12-08,STK00413,FAKEVIN00000000413,2020,Nissan,Frontier,SE,Used,Available,SUV,Electric,White,12588,64674,66978,,2304,24,Online Hold,,,2025-12-08,
2022-kia-telluride-sport-stk00414,2022 Kia Telluride Sport,"Used Kia Telluride at the Airport location with 27,282 miles and reserved status.",2025-10-25,STK00414,FAKEVIN00000000414,2022,Kia,Telluride,Sport,Used,Reserved,Hatchback,Hybrid,Gray,27282,49973,56284,,6311,68,Downtown,,,2025-10-25,
2021-tesla-model-3-sel-stk00415,2021 Tesla Model 3 SEL,New Tesla Model 3 at the Downtown location with 0 miles and available status.,2025-07-20,STK00415,FAKEVIN00000000415,2021,Tesla,Model 3,SEL,New,Available,Truck,Hybrid,Black,0,75448,79740,,4292,165,Online Hold,,,2025-07-20,
2022-ford-f-150-platinum-stk00416,2022 Ford F-150 Platinum,"Certified Ford F-150 at the Downtown location with 82,442 miles and sold status.",2025-07-11,STK00416,FAKEVIN00000000416,2022,Ford,F-150,Platinum,Certified,Sold,SUV,Diesel,Silver,82442,48370,57893,56567,8197,174,Online Hold,Priya Shah,Website,2025-07-11,2026-05-23
2020-nissan-altima-ex-l-stk00417,2020 Nissan Altima EX-L,"Used Nissan Altima at the Online Hold location with 28,798 miles and available status.",2025-10-10,STK00417,FAKEVIN00000000417,2020,Nissan,Altima,EX-L,Used,Available,SUV,Gasoline,Gray,28798,74339,84636,,10297,83,Downtown,,,2025-10-10,
2022-kia-soul-platinum-stk00418,2022 Kia Soul Platinum,New Kia Soul at the Online Hold location with 0 miles and sold status.,2025-09-15,STK00418,FAKEVIN00000000418,2022,Kia,Soul,Platinum,New,Sold,Van,Diesel,Black,0,49924,60125,57482,7558,108,North Lot,Leah Brooks,Website,2025-09-15,2026-03-14
2019-hyundai-sonata-base-stk00419,2019 Hyundai Sonata Base,"Used Hyundai Sonata at the Airport location with 9,453 miles and available status.",2025-09-04,STK00419,FAKEVIN00000000419,2019,Hyundai,Sonata,Base,Used,Available,Van,Gasoline,Gray,9453,62713,66384,,3671,119,Downtown,,,2025-09-04,
2022-kia-soul-touring-stk00420,2022 Kia Soul Touring,New Kia Soul at the Westside location with 0 miles and available status.,2025-08-21,STK00420,FAKEVIN00000000420,2022,Kia,Soul,Touring,New,Available,Hatchback,Diesel,Gray,0,34064,41848,,7784,133,North Lot,,,2025-08-21,
2024-chevrolet-silverado-xle-stk00421,2024 Chevrolet Silverado XLE,New Chevrolet Silverado at the North Lot location with 0 miles and reserved status.,2025-09-14,STK00421,FAKEVIN00000000421,2024,Chevrolet,Silverado,XLE,New,Reserved,Truck,Diesel,Gray,0,52296,60143,,7847,109,North Lot,,,2025-09-14,
2026-tesla-model-3-sel-stk00422,2026 Tesla Model 3 SEL,New Tesla Model 3 at the North Lot location with 0 miles and sold status.,2025-10-24,STK00422,FAKEVIN00000000422,2026,Tesla,Model 3,SEL,New,Sold,Hatchback,Electric,Blue,0,30163,38003,36104,5941,69,Online Hold,Priya Shah,Referral,2025-10-24,2026-06-25
2023-chevrolet-equinox-xle-stk00423,2023 Chevrolet Equinox XLE,New Chevrolet Equinox at the Westside location with 0 miles and sold status.,2025-07-20,STK00423,FAKEVIN00000000423,2023,Chevrolet,Equinox,XLE,New,Sold,SUV,Diesel,Blue,0,34938,44862,42505,7567,165,Airport,Priya Shah,Website,2025-07-20,2026-06-20
2023-hyundai-tucson-base-stk00424,2023 Hyundai Tucson Base,New Hyundai Tucson at the Westside location with 0 miles and available status.,2025-07-14,STK00424,FAKEVIN00000000424,2023,Hyundai,Tucson,Base,New,Available,Sedan,Diesel,Green,0,75702,86104,,10402,171,Downtown,,,2025-07-14,
2023-honda-cr-v-limited-stk00425,2023 Honda CR-V Limited,New Honda CR-V at the Downtown location with 0 miles and available status.,2025-12-05,STK00425,FAKEVIN00000000425,2023,Honda,CR-V,Limited,New,Available,Sedan,Diesel,Blue,0,42566,48241,,5675,27,Downtown,,,2025-12-05,
2019-honda-civic-xle-stk00426,2019 Honda Civic XLE,"Used Honda Civic at the Online Hold location with 39,767 miles and available status.",2025-09-23,STK00426,FAKEVIN00000000426,2019,Honda,Civic,XLE,Used,Available,Hatchback,Electric,Gray,39767,58517,63659,,5142,100,Online Hold,,,2025-09-23,
2025-ford-bronco-sport-touring-stk00427,2025 Ford Bronco Sport Touring,New Ford Bronco Sport at the North Lot location with 0 miles and reserved status.,2025-07-19,STK00427,FAKEVIN00000000427,2025,Ford,Bronco Sport,Touring,New,Reserved,Hatchback,Hybrid,White,0,17867,24097,,6230,166,North Lot,,,2025-07-19,
2021-mercedes-benz-glc-300-touring-stk00428,2021 Mercedes-Benz GLC 300 Touring,New Mercedes-Benz GLC 300 at the Online Hold location with 0 miles and available status.,2025-11-12,STK00428,FAKEVIN00000000428,2021,Mercedes-Benz,GLC 300,Touring,New,Available,Van,Hybrid,Black,0,67944,76007,,8063,50,Airport,,,2025-11-12,
2025-honda-accord-platinum-stk00429,2025 Honda Accord Platinum,"Used Honda Accord at the Westside location with 43,635 miles and available status.",2025-07-28,STK00429,FAKEVIN00000000429,2025,Honda,Accord,Platinum,Used,Available,Sedan,Hybrid,Red,43635,58718,69291,,10573,157,North Lot,,,2025-07-28,
2022-toyota-rav4-platinum-stk00430,2022 Toyota RAV4 Platinum,New Toyota RAV4 at the Airport location with 0 miles and sold status.,2025-12-28,STK00430,FAKEVIN00000000430,2022,Toyota,RAV4,Platinum,New,Sold,Truck,Electric,Silver,0,25691,29430,28266,2575,4,Airport,Iris Chen,Website,2025-12-28,2026-01-06
2024-tesla-model-x-se-stk00431,2024 Tesla Model X SE,New Tesla Model X at the Airport location with 0 miles and available status.,2025-08-05,STK00431,FAKEVIN00000000431,2024,Tesla,Model X,SE,New,Available,SUV,Gasoline,Black,0,69012,73552,,4540,149,North Lot,,,2025-08-05,
2027-nissan-altima-ex-l-stk00432,2027 Nissan Altima EX-L,"Certified Nissan Altima at the Downtown location with 17,270 miles and available status.",2025-12-23,STK00432,FAKEVIN00000000432,2027,Nissan,Altima,EX-L,Certified,Available,Sedan,Diesel,Green,17270,52168,58109,,5941,9,Online Hold,,,2025-12-23,
2021-honda-cr-v-sport-stk00433,2021 Honda CR-V Sport,New Honda CR-V at the Downtown location with 0 miles and service hold status.,2025-12-01,STK00433,FAKEVIN00000000433,2021,Honda,CR-V,Sport,New,Service Hold,Coupe,Diesel,Green,0,44686,55589,,10903,31,Airport,,,2025-12-01,
2022-bmw-m240i-limited-stk00434,2022 BMW M240i Limited,New BMW M240i at the North Lot location with 0 miles and reserved status.,2025-07-21,STK00434,FAKEVIN00000000434,2022,BMW,M240i,Limited,New,Reserved,Sedan,Gasoline,White,0,23858,27566,,3708,164,Airport,,,2025-07-21,
2026-honda-accord-se-stk00435,2026 Honda Accord SE,New Honda Accord at the North Lot location with 0 miles and in transit status.,2025-10-13,STK00435,FAKEVIN00000000435,2026,Honda,Accord,SE,New,In Transit,Sedan,Electric,Red,0,18001,25873,,7872,80,Online Hold,,,2025-10-13,
2018-tesla-model-y-limited-stk00436,2018 Tesla Model Y Limited,"Used Tesla Model Y at the Online Hold location with 88,850 miles and sold status.",2025-10-31,STK00436,FAKEVIN00000000436,2018,Tesla,Model Y,Limited,Used,Sold,Van,Gasoline,Black,88850,73637,81924,79631,5994,62,North Lot,Mateo Silva,Marketplace,2025-10-31,2026-02-06
2020-ford-f-150-limited-stk00437,2020 Ford F-150 Limited,"Used Ford F-150 at the Downtown location with 39,537 miles and available status.",2025-11-21,STK00437,FAKEVIN00000000437,2020,Ford,F-150,Limited,Used,Available,Van,Hybrid,Silver,39537,70606,80171,,9565,41,Online Hold,,,2025-11-21,
2024-kia-sportage-limited-stk00438,2024 Kia Sportage Limited,"Certified Kia Sportage at the Westside location with 81,594 miles and available status.",2025-08-24,STK00438,FAKEVIN00000000438,2024,Kia,Sportage,Limited,Certified,Available,Sedan,Hybrid,Black,81594,58695,68684,,9989,130,Westside,,,2025-08-24,
2026-kia-soul-premium-stk00439,2026 Kia Soul Premium,New Kia Soul at the Airport location with 0 miles and available status.,2025-12-02,STK00439,FAKEVIN00000000439,2026,Kia,Soul,Premium,New,Available,Truck,Diesel,Black,0,52518,59466,,6948,30,Online Hold,,,2025-12-02,
2025-bmw-m240i-limited-stk00440,2025 BMW M240i Limited,"Certified BMW M240i at the Downtown location with 77,937 miles and reserved status.",2025-09-14,STK00440,FAKEVIN00000000440,2025,BMW,M240i,Limited,Certified,Reserved,Hatchback,Hybrid,Silver,77937,35616,46644,,11028,109,Online Hold,,,2025-09-14,
2023-nissan-pathfinder-sel-stk00441,2023 Nissan Pathfinder SEL,"Used Nissan Pathfinder at the North Lot location with 11,461 miles and available status.",2025-10-23,STK00441,FAKEVIN00000000441,2023,Nissan,Pathfinder,SEL,Used,Available,SUV,Gasoline,Green,11461,65064,70793,,5729,70,Downtown,,,2025-10-23,
2025-ford-f-150-touring-stk00442,2025 Ford F-150 Touring,"Certified Ford F-150 at the Westside location with 46,314 miles and sold status.",2025-09-21,STK00442,FAKEVIN00000000442,2025,Ford,F-150,Touring,Certified,Sold,Coupe,Hybrid,Silver,46314,21756,27490,27004,5248,102,Airport,Priya Shah,Marketplace,2025-09-21,2026-04-21
2021-nissan-altima-se-stk00443,2021 Nissan Altima SE,"Certified Nissan Altima at the Downtown location with 32,168 miles and in transit status.",2025-07-25,STK00443,FAKEVIN00000000443,2021,Nissan,Altima,SE,Certified,In Transit,SUV,Diesel,Blue,32168,26221,29856,,3635,160,Airport,,,2025-07-25,
2027-chevrolet-malibu-se-stk00444,2027 Chevrolet Malibu SE,New Chevrolet Malibu at the Online Hold location with 0 miles and available status.,2025-12-11,STK00444,FAKEVIN00000000444,2027,Chevrolet,Malibu,SE,New,Available,Van,Electric,Champagne,0,17727,26915,,9188,21,Westside,,,2025-12-11,
2027-mercedes-benz-e-350-se-stk00445,2027 Mercedes-Benz E 350 SE,New Mercedes-Benz E 350 at the Westside location with 0 miles and sold status.,2025-08-29,STK00445,FAKEVIN00000000445,2027,Mercedes-Benz,E 350,SE,New,Sold,Hatchback,Hybrid,Gray,0,43195,45920,44498,1303,125,North Lot,Leah Brooks,Website,2025-08-29,2026-06-13
2023-mercedes-benz-c-300-platinum-stk00446,2023 Mercedes-Benz C 300 Platinum,"Used Mercedes-Benz C 300 at the Airport location with 19,943 miles and service hold status.",2025-11-26,STK00446,FAKEVIN00000000446,2023,Mercedes-Benz,C 300,Platinum,Used,Service Hold,Truck,Diesel,Blue,19943,26781,37509,,10728,36,Online Hold,,,2025-11-26,
2026-kia-soul-limited-stk00447,2026 Kia Soul Limited,New Kia Soul at the Westside location with 0 miles and reserved status.,2025-08-15,STK00447,FAKEVIN00000000447,2026,Kia,Soul,Limited,New,Reserved,Coupe,Gasoline,Blue,0,35022,44172,,9150,139,Downtown,,,2025-08-15,
2023-hyundai-sonata-xle-stk00448,2023 Hyundai Sonata XLE,"Certified Hyundai Sonata at the North Lot location with 59,008 miles and available status.",2025-11-05,STK00448,FAKEVIN00000000448,2023,Hyundai,Sonata,XLE,Certified,Available,SUV,Gasoline,White,59008,60054,69408,,9354,57,North Lot,,,2025-11-05,
2025-honda-ridgeline-sel-stk00449,2025 Honda Ridgeline SEL,"Certified Honda Ridgeline at the Airport location with 22,970 miles and reserved status.",2025-10-27,STK00449,FAKEVIN00000000449,2025,Honda,Ridgeline,SEL,Certified,Reserved,Coupe,Hybrid,Silver,22970,41898,47773,,5875,66,Airport,,,2025-10-27,
2020-nissan-rogue-xle-stk00450,2020 Nissan Rogue XLE,"Used Nissan Rogue at the North Lot location with 8,025 miles and sold status.",2025-09-26,STK00450,FAKEVIN00000000450,2020,Nissan,Rogue,XLE,Used,Sold,Van,Electric,Gray,8025,72338,78771,76381,4043,97,Airport,Ana Costa,Referral,2025-09-26,2026-05-21
2024-toyota-highlander-premium-stk00451,2024 Toyota Highlander Premium,"Used Toyota Highlander at the Westside location with 52,284 miles and available status.",2025-11-02,STK00451,FAKEVIN00000000451,2024,Toyota,Highlander,Premium,Used,Available,Truck,Hybrid,White,52284,54789,63591,,8802,60,Online Hold,,,2025-11-02,
2026-bmw-x5-sel-stk00452,2026 BMW X5 SEL,"Certified BMW X5 at the North Lot location with 72,795 miles and reserved status.",2025-10-17,STK00452,FAKEVIN00000000452,2026,BMW,X5,SEL,Certified,Reserved,Van,Gasoline,White,72795,37303,47790,,10487,76,Online Hold,,,2025-10-17,
2019-mercedes-benz-cla-250-sport-stk00453,2019 Mercedes-Benz CLA 250 Sport,"Used Mercedes-Benz CLA 250 at the Downtown location with 54,535 miles and available status.",2025-11-02,STK00453,FAKEVIN00000000453,2019,Mercedes-Benz,CLA 250,Sport,Used,Available,Hatchback,Electric,Silver,54535,52245,54771,,2526,60,Online Hold,,,2025-11-02,
2021-tesla-model-3-touring-stk00454,2021 Tesla Model 3 Touring,New Tesla Model 3 at the Westside location with 0 miles and available status.,2025-07-17,STK00454,FAKEVIN00000000454,2021,Tesla,Model 3,Touring,New,Available,Truck,Hybrid,Champagne,0,41291,51038,,9747,168,Airport,,,2025-07-17,
2022-bmw-330i-se-stk00455,2022 BMW 330i SE,New BMW 330i at the Westside location with 0 miles and sold status.,2025-09-24,STK00455,FAKEVIN00000000455,2022,BMW,330i,SE,New,Sold,Coupe,Electric,Red,0,45105,54812,53432,8327,99,North Lot,Miles Grant,Marketplace,2025-09-24,2026-02-20
2023-mercedes-benz-glc-300-se-stk00456,2023 Mercedes-Benz GLC 300 SE,New Mercedes-Benz GLC 300 at the Downtown location with 0 miles and available status.,2025-11-30,STK00456,FAKEVIN00000000456,2023,Mercedes-Benz,GLC 300,SE,New,Available,Hatchback,Diesel,Green,0,20262,33484,,13222,32,Downtown,,,2025-11-30,
2021-toyota-rav4-sport-stk00457,2021 Toyota RAV4 Sport,"Used Toyota RAV4 at the Airport location with 44,194 miles and service hold status.",2025-11-18,STK00457,FAKEVIN00000000457,2021,Toyota,RAV4,Sport,Used,Service Hold,Van,Electric,Champagne,44194,34541,43903,,9362,44,Airport,,,2025-11-18,
2020-hyundai-elantra-platinum-stk00458,2020 Hyundai Elantra Platinum,"Used Hyundai Elantra at the Online Hold location with 74,719 miles and available status.",2025-12-26,STK00458,FAKEVIN00000000458,2020,Hyundai,Elantra,Platinum,Used,Available,Truck,Electric,Gray,74719,50608,60248,,9640,6,Online Hold,,,2025-12-26,
2026-honda-pilot-xle-stk00459,2026 Honda Pilot XLE,New Honda Pilot at the Airport location with 0 miles and available status.,2025-08-08,STK00459,FAKEVIN00000000459,2026,Honda,Pilot,XLE,New,Available,SUV,Electric,Silver,0,42976,52635,,9659,146,Downtown,,,2025-08-08,
2017-toyota-corolla-touring-stk00460,2017 Toyota Corolla Touring,"Used Toyota Corolla at the Westside location with 69,140 miles and sold status.",2025-10-01,STK00460,FAKEVIN00000000460,2017,Toyota,Corolla,Touring,Used,Sold,Hatchback,Hybrid,Black,69140,70605,80238,77498,6893,92,Downtown,Mateo Silva,Phone,2025-10-01,2026-05-08
2024-mercedes-benz-c-300-limited-stk00461,2024 Mercedes-Benz C 300 Limited,New Mercedes-Benz C 300 at the Airport location with 0 miles and available status.,2025-10-26,STK00461,FAKEVIN00000000461,2024,Mercedes-Benz,C 300,Limited,New,Available,Hatchback,Gasoline,Red,0,55391,61187,,5796,67,Westside,,,2025-10-26,
2020-chevrolet-tahoe-ex-l-stk00462,2020 Chevrolet Tahoe EX-L,"Used Chevrolet Tahoe at the North Lot location with 13,452 miles and in transit status.",2025-10-04,STK00462,FAKEVIN00000000462,2020,Chevrolet,Tahoe,EX-L,Used,In Transit,SUV,Hybrid,Green,13452,55955,60579,,4624,89,North Lot,,,2025-10-04,
2025-tesla-model-x-platinum-stk00463,2025 Tesla Model X Platinum,New Tesla Model X at the Downtown location with 0 miles and available status.,2025-12-11,STK00463,FAKEVIN00000000463,2025,Tesla,Model X,Platinum,New,Available,Coupe,Diesel,Champagne,0,27558,32406,,4848,21,Downtown,,,2025-12-11,
2023-mercedes-benz-e-350-base-stk00464,2023 Mercedes-Benz E 350 Base,"Certified Mercedes-Benz E 350 at the Airport location with 83,645 miles and service hold status.",2025-08-26,STK00464,FAKEVIN00000000464,2023,Mercedes-Benz,E 350,Base,Certified,Service Hold,Hatchback,Diesel,Silver,83645,50043,55140,,5097,128,Online Hold,,,2025-08-26,
2024-bmw-330i-sel-stk00465,2024 BMW 330i SEL,"Certified BMW 330i at the Downtown location with 36,916 miles and available status.",2025-09-18,STK00465,FAKEVIN00000000465,2024,BMW,330i,SEL,Certified,Available,Truck,Gasoline,Blue,36916,26655,32498,,5843,105,North Lot,,,2025-09-18,
2025-tesla-model-3-sport-stk00466,2025 Tesla Model 3 Sport,New Tesla Model 3 at the North Lot location with 0 miles and available status.,2025-07-10,STK00466,FAKEVIN00000000466,2025,Tesla,Model 3,Sport,New,Available,Coupe,Hybrid,Green,0,67201,78317,,11116,175,Airport,,,2025-07-10,
2022-bmw-m240i-xle-stk00467,2022 BMW M240i XLE,New BMW M240i at the Downtown location with 0 miles and available status.,2025-08-21,STK00467,FAKEVIN00000000467,2022,BMW,M240i,XLE,New,Available,Sedan,Diesel,Champagne,0,43951,55395,,11444,133,Online Hold,,,2025-08-21,
2019-mercedes-benz-cla-250-touring-stk00468,2019 Mercedes-Benz CLA 250 Touring,"Used Mercedes-Benz CLA 250 at the Airport location with 71,214 miles and service hold status.",2025-10-24,STK00468,FAKEVIN00000000468,2019,Mercedes-Benz,CLA 250,Touring,Used,Service Hold,Truck,Hybrid,Silver,71214,36976,43000,,6024,69,Westside,,,2025-10-24,
2020-hyundai-elantra-ex-l-stk00469,2020 Hyundai Elantra EX-L,"Used Hyundai Elantra at the Online Hold location with 55,764 miles and sold status.",2025-07-24,STK00469,FAKEVIN00000000469,2020,Hyundai,Elantra,EX-L,Used,Sold,Van,Hybrid,Silver,55764,46052,48901,47891,1839,161,Westside,Miles Grant,Marketplace,2025-07-24,2026-06-09
2025-kia-sportage-ex-l-stk00470,2025 Kia Sportage EX-L,"Certified Kia Sportage at the North Lot location with 28,899 miles and sold status.",2025-08-17,STK00470,FAKEVIN00000000470,2025,Kia,Sportage,EX-L,Certified,Sold,SUV,Gasoline,Silver,28899,72483,79200,76463,3980,137,Online Hold,Priya Shah,Phone,2025-08-17,2026-06-11
2022-bmw-m240i-touring-stk00471,2022 BMW M240i Touring,"Certified BMW M240i at the Airport location with 15,119 miles and sold status.",2025-09-24,STK00471,FAKEVIN00000000471,2022,BMW,M240i,Touring,Certified,Sold,Van,Hybrid,Silver,15119,39333,42854,41925,2592,99,Downtown,Miles Grant,Referral,2025-09-24,2026-01-16
2025-hyundai-tucson-se-stk00472,2025 Hyundai Tucson SE,New Hyundai Tucson at the Airport location with 0 miles and reserved status.,2025-10-31,STK00472,FAKEVIN00000000472,2025,Hyundai,Tucson,SE,New,Reserved,Sedan,Gasoline,Green,0,38906,46737,,7831,62,Downtown,,,2025-10-31,
2022-kia-sorento-ex-l-stk00473,2022 Kia Sorento EX-L,"Certified Kia Sorento at the Airport location with 83,876 miles and sold status.",2025-07-13,STK00473,FAKEVIN00000000473,2022,Kia,Sorento,EX-L,Certified,Sold,Van,Hybrid,Green,83876,51746,55594,54850,3104,172,Downtown,Priya Shah,Referral,2025-07-13,2026-06-05
2027-tesla-model-s-limited-stk00474,2027 Tesla Model S Limited,"Certified Tesla Model S at the Westside location with 6,038 miles and sold status.",2025-08-06,STK00474,FAKEVIN00000000474,2027,Tesla,Model S,Limited,Certified,Sold,Hatchback,Gasoline,Champagne,6038,41925,50174,47991,6066,148,North Lot,Miles Grant,Referral,2025-08-06,2026-04-10
2021-mercedes-benz-gle-350-base-stk00475,2021 Mercedes-Benz GLE 350 Base,"Used Mercedes-Benz GLE 350 at the Airport location with 94,502 miles and sold status.",2025-08-05,STK00475,FAKEVIN00000000475,2021,Mercedes-Benz,GLE 350,Base,Used,Sold,SUV,Diesel,Gray,94502,39162,49291,48050,8888,149,North Lot,Ana Costa,Marketplace,2025-08-05,2026-07-24
2027-tesla-model-y-xle-stk00476,2027 Tesla Model Y XLE,New Tesla Model Y at the North Lot location with 0 miles and available status.,2025-08-05,STK00476,FAKEVIN00000000476,2027,Tesla,Model Y,XLE,New,Available,Coupe,Hybrid,Gray,0,63855,66316,,2461,149,Downtown,,,2025-08-05,
2016-mercedes-benz-glc-300-premium-stk00477,2016 Mercedes-Benz GLC 300 Premium,"Used Mercedes-Benz GLC 300 at the Online Hold location with 42,425 miles and service hold status.",2025-08-26,STK00477,FAKEVIN00000000477,2016,Mercedes-Benz,GLC 300,Premium,Used,Service Hold,Hatchback,Hybrid,Red,42425,24728,32787,,8059,128,Downtown,,,2025-08-26,
2021-hyundai-santa-fe-sel-stk00478,2021 Hyundai Santa Fe SEL,"Used Hyundai Santa Fe at the Airport location with 32,613 miles and available status.",2025-10-11,STK00478,FAKEVIN00000000478,2021,Hyundai,Santa Fe,SEL,Used,Available,Van,Hybrid,Black,32613,66140,69891,,3751,82,Airport,,,2025-10-11,
2019-bmw-x3-xle-stk00479,2019 BMW X3 XLE,"Used BMW X3 at the North Lot location with 79,970 miles and available status.",2025-07-08,STK00479,FAKEVIN00000000479,2019,BMW,X3,XLE,Used,Available,Coupe,Diesel,Green,79970,59207,70375,,11168,177,North Lot,,,2025-07-08,
2020-chevrolet-traverse-ex-l-stk00480,2020 Chevrolet Traverse EX-L,"Used Chevrolet Traverse at the Downtown location with 62,229 miles and sold status.",2025-11-22,STK00480,FAKEVIN00000000480,2020,Chevrolet,Traverse,EX-L,Used,Sold,Sedan,Hybrid,Blue,62229,57776,63188,61414,3638,40,Downtown,Iris Chen,Phone,2025-11-22,2026-05-15
2023-toyota-corolla-base-stk00481,2023 Toyota Corolla Base,"Used Toyota Corolla at the Westside location with 62,517 miles and available status.",2025-10-05,STK00481,FAKEVIN00000000481,2023,Toyota,Corolla,Base,Used,Available,SUV,Diesel,Green,62517,44707,57061,,12354,88,Downtown,,,2025-10-05,
2023-ford-escape-base-stk00482,2023 Ford Escape Base,New Ford Escape at the Westside location with 0 miles and service hold status.,2025-11-06,STK00482,FAKEVIN00000000482,2023,Ford,Escape,Base,New,Service Hold,Van,Gasoline,Red,0,54428,61194,,6766,56,Online Hold,,,2025-11-06,
2017-hyundai-santa-fe-touring-stk00483,2017 Hyundai Santa Fe Touring,"Used Hyundai Santa Fe at the Airport location with 93,167 miles and available status.",2025-12-08,STK00483,FAKEVIN00000000483,2017,Hyundai,Santa Fe,Touring,Used,Available,SUV,Hybrid,Blue,93167,40112,50630,,10518,24,Airport,,,2025-12-08,
2022-nissan-pathfinder-se-stk00484,2022 Nissan Pathfinder SE,New Nissan Pathfinder at the Westside location with 0 miles and available status.,2025-11-05,STK00484,FAKEVIN00000000484,2022,Nissan,Pathfinder,SE,New,Available,Van,Diesel,Blue,0,40977,48174,,7197,57,Westside,,,2025-11-05,
2023-bmw-x5-xle-stk00485,2023 BMW X5 XLE,"Certified BMW X5 at the Airport location with 27,792 miles and available status.",2025-08-15,STK00485,FAKEVIN00000000485,2023,BMW,X5,XLE,Certified,Available,Van,Hybrid,Champagne,27792,23557,30958,,7401,139,Online Hold,,,2025-08-15,
2025-hyundai-sonata-touring-stk00486,2025 Hyundai Sonata Touring,"Certified Hyundai Sonata at the Online Hold location with 13,115 miles and in transit status.",2025-10-06,STK00486,FAKEVIN00000000486,2025,Hyundai,Sonata,Touring,Certified,In Transit,Van,Gasoline,Gray,13115,61458,69091,,7633,87,Westside,,,2025-10-06,
2025-bmw-m240i-limited-stk00487,2025 BMW M240i Limited,"Used BMW M240i at the Westside location with 31,476 miles and in transit status.",2025-11-01,STK00487,FAKEVIN00000000487,2025,BMW,M240i,Limited,Used,In Transit,Van,Diesel,Green,31476,55359,59873,,4514,61,Westside,,,2025-11-01,
2023-tesla-model-s-sel-stk00488,2023 Tesla Model S SEL,New Tesla Model S at the Downtown location with 0 miles and sold status.,2025-09-15,STK00488,FAKEVIN00000000488,2023,Tesla,Model S,SEL,New,Sold,Sedan,Gasoline,White,0,27693,36217,35114,7421,108,Airport,Noah Kim,Phone,2025-09-15,2026-04-15
2016-hyundai-sonata-touring-stk00489,2016 Hyundai Sonata Touring,"Used Hyundai Sonata at the Downtown location with 38,796 miles and sold status.",2025-11-25,STK00489,FAKEVIN00000000489,2016,Hyundai,Sonata,Touring,Used,Sold,Van,Hybrid,Blue,38796,30173,37091,35489,5316,37,Downtown,Leah Brooks,Phone,2025-11-25,2026-06-27
2026-nissan-pathfinder-base-stk00490,2026 Nissan Pathfinder Base,New Nissan Pathfinder at the Online Hold location with 0 miles and available status.,2025-07-30,STK00490,FAKEVIN00000000490,2026,Nissan,Pathfinder,Base,New,Available,Sedan,Electric,Gray,0,38397,46988,,8591,155,Westside,,,2025-07-30,
2022-toyota-corolla-sport-stk00491,2022 Toyota Corolla Sport,New Toyota Corolla at the Downtown location with 0 miles and available status.,2025-12-25,STK00491,FAKEVIN00000000491,2022,Toyota,Corolla,Sport,New,Available,Sedan,Diesel,Black,0,71838,82926,,11088,7,Airport,,,2025-12-25,
2023-toyota-rav4-limited-stk00492,2023 Toyota RAV4 Limited,"Certified Toyota RAV4 at the Airport location with 57,370 miles and service hold status.",2025-07-17,STK00492,FAKEVIN00000000492,2023,Toyota,RAV4,Limited,Certified,Service Hold,Truck,Hybrid,Red,57370,42901,47886,,4985,168,Online Hold,,,2025-07-17,
2026-hyundai-elantra-platinum-stk00493,2026 Hyundai Elantra Platinum,"Certified Hyundai Elantra at the Airport location with 20,149 miles and reserved status.",2025-12-13,STK00493,FAKEVIN00000000493,2026,Hyundai,Elantra,Platinum,Certified,Reserved,Truck,Gasoline,Black,20149,33843,38524,,4681,19,Airport,,,2025-12-13,
2024-chevrolet-silverado-sport-stk00494,2024 Chevrolet Silverado Sport,"Certified Chevrolet Silverado at the Airport location with 25,106 miles and service hold status.",2025-10-23,STK00494,FAKEVIN00000000494,2024,Chevrolet,Silverado,Sport,Certified,Service Hold,Coupe,Gasoline,Green,25106,42965,53019,,10054,70,Airport,,,2025-10-23,
2021-chevrolet-silverado-sport-stk00495,2021 Chevrolet Silverado Sport,"Certified Chevrolet Silverado at the Online Hold location with 79,347 miles and available status.",2025-08-23,STK00495,FAKEVIN00000000495,2021,Chevrolet,Silverado,Sport,Certified,Available,Truck,Diesel,Blue,79347,55160,59304,,4144,131,Online Hold,,,2025-08-23,
2022-tesla-model-3-xle-stk00496,2022 Tesla Model 3 XLE,New Tesla Model 3 at the Airport location with 0 miles and reserved status.,2025-07-22,STK00496,FAKEVIN00000000496,2022,Tesla,Model 3,XLE,New,Reserved,Sedan,Hybrid,Red,0,19570,25969,,6399,163,Online Hold,,,2025-07-22,
2018-bmw-x5-xle-stk00497,2018 BMW X5 XLE,"Used BMW X5 at the Westside location with 5,002 miles and available status.",2025-08-27,STK00497,FAKEVIN00000000497,2018,BMW,X5,XLE,Used,Available,Truck,Electric,Silver,5002,70388,81301,,10913,127,North Lot,,,2025-08-27,
2022-nissan-altima-platinum-stk00498,2022 Nissan Altima Platinum,"Certified Nissan Altima at the North Lot location with 35,674 miles and sold status.",2025-11-14,STK00498,FAKEVIN00000000498,2022,Nissan,Altima,Platinum,Certified,Sold,SUV,Diesel,Red,35674,39948,49925,47746,7798,48,Online Hold,Priya Shah,Marketplace,2025-11-14,2026-04-12
2026-bmw-x3-se-stk00499,2026 BMW X3 SE,New BMW X3 at the Airport location with 0 miles and available status.,2025-09-20,STK00499,FAKEVIN00000000499,2026,BMW,X3,SE,New,Available,Sedan,Diesel,White,0,30969,41324,,10355,103,Downtown,,,2025-09-20,
2023-toyota-corolla-se-stk00500,2023 Toyota Corolla SE,"Used Toyota Corolla at the Westside location with 58,775 miles and available status.",2025-11-14,STK00500,FAKEVIN00000000500,2023,Toyota,Corolla,SE,Used,Available,SUV,Electric,Black,58775,26532,28725,,2193,48,Airport,,,2025-11-14,
2026-hyundai-sonata-base-stk00501,2026 Hyundai Sonata Base,New Hyundai Sonata at the Online Hold location with 0 miles and available status.,2025-08-31,STK00501,FAKEVIN00000000501,2026,Hyundai,Sonata,Base,New,Available,Hatchback,Gasoline,Red,0,52088,57919,,5831,123,Downtown,,,2025-08-31,
2024-nissan-rogue-se-stk00502,2024 Nissan Rogue SE,New Nissan Rogue at the North Lot location with 0 miles and service hold status.,2025-09-01,STK00502,FAKEVIN00000000502,2024,Nissan,Rogue,SE,New,Service Hold,Coupe,Hybrid,Green,0,67613,75700,,8087,122,North Lot,,,2025-09-01,
2023-bmw-530i-se-stk00503,2023 BMW 530i SE,New BMW 530i at the Westside location with 0 miles and available status.,2025-10-23,STK00503,FAKEVIN00000000503,2023,BMW,530i,SE,New,Available,Coupe,Diesel,Blue,0,43057,46564,,3507,70,Westside,,,2025-10-23,
2025-mercedes-benz-c-300-platinum-stk00504,2025 Mercedes-Benz C 300 Platinum,"Certified Mercedes-Benz C 300 at the Westside location with 79,163 miles and sold status.",2025-09-22,STK00504,FAKEVIN00000000504,2025,Mercedes-Benz,C 300,Platinum,Certified,Sold,Truck,Diesel,Champagne,79163,66712,76243,75893,9181,101,North Lot,Mateo Silva,Marketplace,2025-09-22,2026-04-03
2022-toyota-tacoma-sport-stk00505,2022 Toyota Tacoma Sport,New Toyota Tacoma at the Westside location with 0 miles and available status.,2025-11-22,STK00505,FAKEVIN00000000505,2022,Toyota,Tacoma,Sport,New,Available,Van,Hybrid,Silver,0,70976,77223,,6247,40,Downtown,,,2025-11-22,
2023-hyundai-sonata-base-stk00506,2023 Hyundai Sonata Base,New Hyundai Sonata at the North Lot location with 0 miles and sold status.,2025-10-25,STK00506,FAKEVIN00000000506,2023,Hyundai,Sonata,Base,New,Sold,SUV,Hybrid,Silver,0,19039,28913,26324,7285,68,Downtown,Leah Brooks,Walk-in,2025-10-25,2026-02-04
2023-mercedes-benz-glc-300-ex-l-stk00507,2023 Mercedes-Benz GLC 300 EX-L,New Mercedes-Benz GLC 300 at the Downtown location with 0 miles and available status.,2025-07-14,STK00507,FAKEVIN00000000507,2023,Mercedes-Benz,GLC 300,EX-L,New,Available,Van,Electric,Black,0,34436,41476,,7040,171,Airport,,,2025-07-14,
2022-ford-escape-base-stk00508,2022 Ford Escape Base,New Ford Escape at the North Lot location with 0 miles and available status.,2025-09-03,STK00508,FAKEVIN00000000508,2022,Ford,Escape,Base,New,Available,Hatchback,Gasoline,Red,0,58702,63788,,5086,120,Downtown,,,2025-09-03,
2018-mercedes-benz-gle-350-se-stk00509,2018 Mercedes-Benz GLE 350 SE,"Used Mercedes-Benz GLE 350 at the North Lot location with 33,085 miles and available status.",2025-10-15,STK00509,FAKEVIN00000000509,2018,Mercedes-Benz,GLE 350,SE,Used,Available,Truck,Gasoline,Champagne,33085,48281,52938,,4657,78,Westside,,,2025-10-15,
2021-nissan-pathfinder-platinum-stk00510,2021 Nissan Pathfinder Platinum,"Certified Nissan Pathfinder at the Westside location with 90,837 miles and sold status.",2025-12-18,STK00510,FAKEVIN00000000510,2021,Nissan,Pathfinder,Platinum,Certified,Sold,Van,Electric,Blue,90837,70403,80158,78904,8501,14,Downtown,Miles Grant,Referral,2025-12-18,2026-05-10
2021-nissan-pathfinder-sport-stk00511,2021 Nissan Pathfinder Sport,"Used Nissan Pathfinder at the Online Hold location with 19,409 miles and available status.",2025-08-21,STK00511,FAKEVIN00000000511,2021,Nissan,Pathfinder,Sport,Used,Available,Coupe,Hybrid,White,19409,47397,52412,,5015,133,Online Hold,,,2025-08-21,
2022-chevrolet-malibu-sport-stk00512,2022 Chevrolet Malibu Sport,New Chevrolet Malibu at the Airport location with 0 miles and sold status.,2025-11-01,STK00512,FAKEVIN00000000512,2022,Chevrolet,Malibu,Sport,New,Sold,Coupe,Gasoline,Green,0,45724,49060,47880,2156,61,North Lot,Noah Kim,Walk-in,2025-11-01,2026-07-13
2027-toyota-tacoma-sel-stk00513,2027 Toyota Tacoma SEL,"Certified Toyota Tacoma at the North Lot location with 50,112 miles and sold status.",2025-12-22,STK00513,FAKEVIN00000000513,2027,Toyota,Tacoma,SEL,Certified,Sold,Sedan,Gasoline,Silver,50112,58517,68590,68328,9811,10,Online Hold,Leah Brooks,Walk-in,2025-12-22,2026-06-12
2023-mercedes-benz-c-300-limited-stk00514,2023 Mercedes-Benz C 300 Limited,"Certified Mercedes-Benz C 300 at the North Lot location with 5,770 miles and available status.",2025-11-24,STK00514,FAKEVIN00000000514,2023,Mercedes-Benz,C 300,Limited,Certified,Available,Van,Diesel,Champagne,5770,41711,53784,,12073,38,Westside,,,2025-11-24,
2023-ford-explorer-se-stk00515,2023 Ford Explorer SE,"Used Ford Explorer at the Airport location with 95,024 miles and available status.",2025-10-09,STK00515,FAKEVIN00000000515,2023,Ford,Explorer,SE,Used,Available,Coupe,Hybrid,Champagne,95024,71143,73361,,2218,84,Downtown,,,2025-10-09,
2027-mercedes-benz-glc-300-base-stk00516,2027 Mercedes-Benz GLC 300 Base,New Mercedes-Benz GLC 300 at the Online Hold location with 0 miles and in transit status.,2025-12-20,STK00516,FAKEVIN00000000516,2027,Mercedes-Benz,GLC 300,Base,New,In Transit,Coupe,Diesel,Black,0,63249,68869,,5620,12,Westside,,,2025-12-20,
2018-chevrolet-malibu-sel-stk00517,2018 Chevrolet Malibu SEL,"Used Chevrolet Malibu at the Airport location with 27,387 miles and available status.",2025-08-20,STK00517,FAKEVIN00000000517,2018,Chevrolet,Malibu,SEL,Used,Available,Sedan,Hybrid,Gray,27387,60135,71098,,10963,134,Online Hold,,,2025-08-20,
2021-nissan-sentra-sport-stk00518,2021 Nissan Sentra Sport,"Used Nissan Sentra at the Westside location with 14,411 miles and available status.",2025-11-25,STK00518,FAKEVIN00000000518,2021,Nissan,Sentra,Sport,Used,Available,Sedan,Gasoline,Blue,14411,28812,34084,,5272,37,Online Hold,,,2025-11-25,
2027-toyota-highlander-platinum-stk00519,2027 Toyota Highlander Platinum,New Toyota Highlander at the Downtown location with 0 miles and available status.,2025-07-21,STK00519,FAKEVIN00000000519,2027,Toyota,Highlander,Platinum,New,Available,Truck,Hybrid,Red,0,20707,24941,,4234,164,Airport,,,2025-07-21,
2026-hyundai-santa-fe-sport-stk00520,2026 Hyundai Santa Fe Sport,New Hyundai Santa Fe at the North Lot location with 0 miles and sold status.,2025-11-28,STK00520,FAKEVIN00000000520,2026,Hyundai,Santa Fe,Sport,New,Sold,Van,Hybrid,Black,0,57121,68178,65813,8692,34,North Lot,Miles Grant,Referral,2025-11-28,2026-02-10
2023-mercedes-benz-cla-250-premium-stk00521,2023 Mercedes-Benz CLA 250 Premium,New Mercedes-Benz CLA 250 at the Airport location with 0 miles and available status.,2025-08-01,STK00521,FAKEVIN00000000521,2023,Mercedes-Benz,CLA 250,Premium,New,Available,Sedan,Hybrid,Gray,0,58137,68347,,10210,153,Westside,,,2025-08-01,
2016-tesla-model-3-base-stk00522,2016 Tesla Model 3 Base,"Used Tesla Model 3 at the Airport location with 42,298 miles and sold status.",2025-08-30,STK00522,FAKEVIN00000000522,2016,Tesla,Model 3,Base,Used,Sold,Van,Electric,Green,42298,47305,54383,53333,6028,124,Airport,Miles Grant,Marketplace,2025-08-30,2026-04-06
2020-chevrolet-silverado-platinum-stk00523,2020 Chevrolet Silverado Platinum,"Used Chevrolet Silverado at the Downtown location with 95,477 miles and sold status.",2025-10-09,STK00523,FAKEVIN00000000523,2020,Chevrolet,Silverado,Platinum,Used,Sold,Coupe,Electric,Gray,95477,74268,86190,85482,11214,84,Airport,Noah Kim,Walk-in,2025-10-09,2026-02-14
2026-nissan-pathfinder-base-stk00524,2026 Nissan Pathfinder Base,"Certified Nissan Pathfinder at the Downtown location with 44,912 miles and sold status.",2025-08-20,STK00524,FAKEVIN00000000524,2026,Nissan,Pathfinder,Base,Certified,Sold,Truck,Diesel,Blue,44912,63281,71248,68704,5423,134,North Lot,Miles Grant,Website,2025-08-20,2026-05-07
2023-honda-cr-v-limited-stk00525,2023 Honda CR-V Limited,"Used Honda CR-V at the North Lot location with 90,945 miles and sold status.",2025-08-22,STK00525,FAKEVIN00000000525,2023,Honda,CR-V,Limited,Used,Sold,Hatchback,Gasoline,Green,90945,51125,61346,60460,9335,132,Westside,Noah Kim,Website,2025-08-22,2026-01-05
2024-mercedes-benz-c-300-sport-stk00526,2024 Mercedes-Benz C 300 Sport,"Certified Mercedes-Benz C 300 at the North Lot location with 15,505 miles and sold status.",2025-11-07,STK00526,FAKEVIN00000000526,2024,Mercedes-Benz,C 300,Sport,Certified,Sold,Sedan,Diesel,Champagne,15505,38127,41715,39926,1799,55,North Lot,Noah Kim,Walk-in,2025-11-07,2026-05-04
2022-toyota-tacoma-ex-l-stk00527,2022 Toyota Tacoma EX-L,"Certified Toyota Tacoma at the Airport location with 54,902 miles and in transit status.",2025-09-15,STK00527,FAKEVIN00000000527,2022,Toyota,Tacoma,EX-L,Certified,In Transit,SUV,Diesel,Green,54902,74988,78539,,3551,108,Westside,,,2025-09-15,
2018-honda-civic-ex-l-stk00528,2018 Honda Civic EX-L,"Used Honda Civic at the Online Hold location with 65,776 miles and sold status.",2025-12-07,STK00528,FAKEVIN00000000528,2018,Honda,Civic,EX-L,Used,Sold,Sedan,Hybrid,Gray,65776,69700,74813,74473,4773,25,Westside,Joao Mendez,Referral,2025-12-07,2026-01-07
2016-bmw-x5-premium-stk00529,2016 BMW X5 Premium,"Used BMW X5 at the Downtown location with 62,899 miles and available status.",2025-07-29,STK00529,FAKEVIN00000000529,2016,BMW,X5,Premium,Used,Available,Truck,Gasoline,Black,62899,58825,67817,,8992,156,Airport,,,2025-07-29,
2027-hyundai-santa-fe-premium-stk00530,2027 Hyundai Santa Fe Premium,"Certified Hyundai Santa Fe at the Online Hold location with 9,027 miles and in transit status.",2025-10-05,STK00530,FAKEVIN00000000530,2027,Hyundai,Santa Fe,Premium,Certified,In Transit,Truck,Diesel,Silver,9027,37093,44465,,7372,88,Airport,,,2025-10-05,
2026-chevrolet-tahoe-sport-stk00531,2026 Chevrolet Tahoe Sport,New Chevrolet Tahoe at the Online Hold location with 0 miles and available status.,2025-09-09,STK00531,FAKEVIN00000000531,2026,Chevrolet,Tahoe,Sport,New,Available,Hatchback,Diesel,White,0,40304,50079,,9775,114,Downtown,,,2025-09-09,
2017-chevrolet-tahoe-touring-stk00532,2017 Chevrolet Tahoe Touring,"Used Chevrolet Tahoe at the Westside location with 89,651 miles and in transit status.",2025-12-25,STK00532,FAKEVIN00000000532,2017,Chevrolet,Tahoe,Touring,Used,In Transit,Truck,Electric,Gray,89651,62705,68087,,5382,7,Westside,,,2025-12-25,
2027-ford-escape-base-stk00533,2027 Ford Escape Base,"Certified Ford Escape at the Airport location with 40,322 miles and available status.",2025-11-15,STK00533,FAKEVIN00000000533,2027,Ford,Escape,Base,Certified,Available,Coupe,Gasoline,White,40322,65874,67800,,1926,47,North Lot,,,2025-11-15,
2025-mercedes-benz-gle-350-touring-stk00534,2025 Mercedes-Benz GLE 350 Touring,"Used Mercedes-Benz GLE 350 at the Online Hold location with 21,351 miles and reserved status.",2025-12-21,STK00534,FAKEVIN00000000534,2025,Mercedes-Benz,GLE 350,Touring,Used,Reserved,Sedan,Diesel,Silver,21351,73160,76622,,3462,11,Online Hold,,,2025-12-21,
2025-bmw-m240i-sport-stk00535,2025 BMW M240i Sport,New BMW M240i at the North Lot location with 0 miles and available status.,2025-07-31,STK00535,FAKEVIN00000000535,2025,BMW,M240i,Sport,New,Available,Sedan,Electric,Champagne,0,20807,28059,,7252,154,North Lot,,,2025-07-31,
2023-toyota-corolla-platinum-stk00536,2023 Toyota Corolla Platinum,"Used Toyota Corolla at the North Lot location with 9,902 miles and sold status.",2025-10-23,STK00536,FAKEVIN00000000536,2023,Toyota,Corolla,Platinum,Used,Sold,Truck,Hybrid,Gray,9902,56654,60943,58154,1500,70,Online Hold,Mateo Silva,Website,2025-10-23,2026-06-16
2020-bmw-x3-base-stk00537,2020 BMW X3 Base,"Used BMW X3 at the Westside location with 56,580 miles and available status.",2025-09-12,STK00537,FAKEVIN00000000537,2020,BMW,X3,Base,Used,Available,SUV,Electric,Gray,56580,64306,74385,,10079,111,Airport,,,2025-09-12,
2018-mercedes-benz-gle-350-platinum-stk00538,2018 Mercedes-Benz GLE 350 Platinum,"Used Mercedes-Benz GLE 350 at the Online Hold location with 9,555 miles and sold status.",2025-11-13,STK00538,FAKEVIN00000000538,2018,Mercedes-Benz,GLE 350,Platinum,Used,Sold,Van,Diesel,Red,9555,49078,52860,50448,1370,49,Airport,Noah Kim,Phone,2025-11-13,2026-06-12
2020-bmw-m240i-se-stk00539,2020 BMW M240i SE,"Used BMW M240i at the Airport location with 26,908 miles and sold status.",2025-12-02,STK00539,FAKEVIN00000000539,2020,BMW,M240i,SE,Used,Sold,Truck,Electric,White,26908,48809,55543,54748,5939,30,Airport,Iris Chen,Walk-in,2025-12-02,2026-02-24
2024-nissan-sentra-premium-stk00540,2024 Nissan Sentra Premium,"Certified Nissan Sentra at the Westside location with 61,105 miles and reserved status.",2025-11-07,STK00540,FAKEVIN00000000540,2024,Nissan,Sentra,Premium,Certified,Reserved,Truck,Diesel,Black,61105,36965,42981,,6016,55,North Lot,,,2025-11-07,
2024-mercedes-benz-cla-250-ex-l-stk00541,2024 Mercedes-Benz CLA 250 EX-L,"Used Mercedes-Benz CLA 250 at the Airport location with 27,522 miles and available status.",2025-11-14,STK00541,FAKEVIN00000000541,2024,Mercedes-Benz,CLA 250,EX-L,Used,Available,Sedan,Gasoline,Green,27522,28135,32949,,4814,48,Downtown,,,2025-11-14,
2023-chevrolet-silverado-touring-stk00542,2023 Chevrolet Silverado Touring,"Used Chevrolet Silverado at the Airport location with 89,539 miles and available status.",2025-09-29,STK00542,FAKEVIN00000000542,2023,Chevrolet,Silverado,Touring,Used,Available,Van,Diesel,Silver,89539,33652,36668,,3016,94,Downtown,,,2025-09-29,
2022-nissan-altima-sel-stk00543,2022 Nissan Altima SEL,New Nissan Altima at the Westside location with 0 miles and available status.,2025-09-02,STK00543,FAKEVIN00000000543,2022,Nissan,Altima,SEL,New,Available,Coupe,Hybrid,Black,0,49814,55145,,5331,121,Westside,,,2025-09-02,
2025-mercedes-benz-cla-250-sel-stk00544,2025 Mercedes-Benz CLA 250 SEL,New Mercedes-Benz CLA 250 at the Airport location with 0 miles and sold status.,2025-10-24,STK00544,FAKEVIN00000000544,2025,Mercedes-Benz,CLA 250,SEL,New,Sold,SUV,Gasoline,Silver,0,71388,80673,79142,7754,69,North Lot,Ana Costa,Marketplace,2025-10-24,2026-05-15
2022-nissan-altima-touring-stk00545,2022 Nissan Altima Touring,New Nissan Altima at the Downtown location with 0 miles and in transit status.,2025-10-27,STK00545,FAKEVIN00000000545,2022,Nissan,Altima,Touring,New,In Transit,Truck,Electric,Blue,0,28745,34882,,6137,66,Westside,,,2025-10-27,
2026-toyota-rav4-xle-stk00546,2026 Toyota RAV4 XLE,New Toyota RAV4 at the Downtown location with 0 miles and in transit status.,2025-09-01,STK00546,FAKEVIN00000000546,2026,Toyota,RAV4,XLE,New,In Transit,Hatchback,Electric,Gray,0,71048,81426,,10378,122,North Lot,,,2025-09-01,
2019-nissan-altima-sport-stk00547,2019 Nissan Altima Sport,"Used Nissan Altima at the Airport location with 79,995 miles and sold status.",2025-10-10,STK00547,FAKEVIN00000000547,2019,Nissan,Altima,Sport,Used,Sold,Van,Gasoline,Red,79995,68910,72436,70257,1347,83,Westside,Iris Chen,Website,2025-10-10,2026-03-07
2023-tesla-model-x-premium-stk00548,2023 Tesla Model X Premium,"Used Tesla Model X at the Downtown location with 40,741 miles and reserved status.",2025-10-09,STK00548,FAKEVIN00000000548,2023,Tesla,Model X,Premium,Used,Reserved,Coupe,Diesel,White,40741,55826,59236,,3410,84,Westside,,,2025-10-09,
2022-hyundai-santa-fe-premium-stk00549,2022 Hyundai Santa Fe Premium,"Used Hyundai Santa Fe at the Downtown location with 11,520 miles and sold status.",2025-10-08,STK00549,FAKEVIN00000000549,2022,Hyundai,Santa Fe,Premium,Used,Sold,SUV,Electric,Black,11520,66403,76575,74523,8120,85,North Lot,Ana Costa,Phone,2025-10-08,2026-07-21
2016-ford-bronco-sport-ex-l-stk00550,2016 Ford Bronco Sport EX-L,"Used Ford Bronco Sport at the Online Hold location with 53,759 miles and reserved status.",2025-10-01,STK00550,FAKEVIN00000000550,2016,Ford,Bronco Sport,EX-L,Used,Reserved,Coupe,Gasoline,Black,53759,64187,68465,,4278,92,Downtown,,,2025-10-01,
2022-hyundai-sonata-ex-l-stk00551,2022 Hyundai Sonata EX-L,"Certified Hyundai Sonata at the Westside location with 17,454 miles and available status.",2025-07-31,STK00551,FAKEVIN00000000551,2022,Hyundai,Sonata,EX-L,Certified,Available,SUV,Gasoline,Blue,17454,22713,31849,,9136,154,Westside,,,2025-07-31,
2025-hyundai-santa-fe-sport-stk00552,2025 Hyundai Santa Fe Sport,"Certified Hyundai Santa Fe at the Downtown location with 54,139 miles and available status.",2025-11-13,STK00552,FAKEVIN00000000552,2025,Hyundai,Santa Fe,Sport,Certified,Available,Hatchback,Electric,White,54139,39194,49649,,10455,49,North Lot,,,2025-11-13,
2025-kia-telluride-ex-l-stk00553,2025 Kia Telluride EX-L,"Used Kia Telluride at the Downtown location with 58,791 miles and available status.",2025-07-26,STK00553,FAKEVIN00000000553,2025,Kia,Telluride,EX-L,Used,Available,Truck,Gasoline,Black,58791,42623,48924,,6301,159,Downtown,,,2025-07-26,
2024-nissan-pathfinder-premium-stk00554,2024 Nissan Pathfinder Premium,"Used Nissan Pathfinder at the Westside location with 82,510 miles and sold status.",2025-11-18,STK00554,FAKEVIN00000000554,2024,Nissan,Pathfinder,Premium,Used,Sold,SUV,Hybrid,Gray,82510,63859,69771,69365,5506,44,Online Hold,Joao Mendez,Walk-in,2025-11-18,2026-04-12
2023-nissan-altima-xle-stk00555,2023 Nissan Altima XLE,"Used Nissan Altima at the Downtown location with 70,234 miles and available status.",2025-08-20,STK00555,FAKEVIN00000000555,2023,Nissan,Altima,XLE,Used,Available,Truck,Electric,Red,70234,28900,33723,,4823,134,Downtown,,,2025-08-20,
2022-tesla-model-3-platinum-stk00556,2022 Tesla Model 3 Platinum,"Certified Tesla Model 3 at the North Lot location with 53,543 miles and in transit status.",2025-11-14,STK00556,FAKEVIN00000000556,2022,Tesla,Model 3,Platinum,Certified,In Transit,Hatchback,Electric,Gray,53543,46987,58570,,11583,48,Airport,,,2025-11-14,
2021-tesla-model-x-se-stk00557,2021 Tesla Model X SE,New Tesla Model X at the Airport location with 0 miles and reserved status.,2025-11-06,STK00557,FAKEVIN00000000557,2021,Tesla,Model X,SE,New,Reserved,SUV,Hybrid,Green,0,54535,59579,,5044,56,Airport,,,2025-11-06,
2026-hyundai-tucson-limited-stk00558,2026 Hyundai Tucson Limited,New Hyundai Tucson at the Westside location with 0 miles and service hold status.,2025-12-14,STK00558,FAKEVIN00000000558,2026,Hyundai,Tucson,Limited,New,Service Hold,Hatchback,Diesel,Gray,0,45896,54890,,8994,18,Online Hold,,,2025-12-14,
2027-chevrolet-malibu-touring-stk00559,2027 Chevrolet Malibu Touring,New Chevrolet Malibu at the Downtown location with 0 miles and in transit status.,2025-10-05,STK00559,FAKEVIN00000000559,2027,Chevrolet,Malibu,Touring,New,In Transit,Van,Hybrid,Blue,0,44137,47911,,3774,88,North Lot,,,2025-10-05,
2026-ford-f-150-ex-l-stk00560,2026 Ford F-150 EX-L,"Certified Ford F-150 at the Downtown location with 28,237 miles and sold status.",2025-10-25,STK00560,FAKEVIN00000000560,2026,Ford,F-150,EX-L,Certified,Sold,Van,Hybrid,Black,28237,70165,79442,78928,8763,68,Downtown,Leah Brooks,Referral,2025-10-25,2026-03-05
2023-toyota-tacoma-sel-stk00561,2023 Toyota Tacoma SEL,"Used Toyota Tacoma at the Airport location with 14,177 miles and available status.",2025-11-22,STK00561,FAKEVIN00000000561,2023,Toyota,Tacoma,SEL,Used,Available,Hatchback,Gasoline,Silver,14177,21584,31451,,9867,40,North Lot,,,2025-11-22,
2017-hyundai-sonata-premium-stk00562,2017 Hyundai Sonata Premium,"Used Hyundai Sonata at the North Lot location with 90,876 miles and sold status.",2025-09-07,STK00562,FAKEVIN00000000562,2017,Hyundai,Sonata,Premium,Used,Sold,SUV,Gasoline,Blue,90876,62700,71907,69720,7020,116,Airport,Mateo Silva,Phone,2025-09-07,2026-06-04
2023-mercedes-benz-glc-300-sport-stk00563,2023 Mercedes-Benz GLC 300 Sport,New Mercedes-Benz GLC 300 at the Airport location with 0 miles and available status.,2025-11-04,STK00563,FAKEVIN00000000563,2023,Mercedes-Benz,GLC 300,Sport,New,Available,Coupe,Electric,Blue,0,27947,37306,,9359,58,Online Hold,,,2025-11-04,
2027-hyundai-santa-fe-se-stk00564,2027 Hyundai Santa Fe SE,"Certified Hyundai Santa Fe at the Westside location with 55,944 miles and sold status.",2025-11-25,STK00564,FAKEVIN00000000564,2027,Hyundai,Santa Fe,SE,Certified,Sold,Coupe,Hybrid,Champagne,55944,17600,21932,21020,3420,37,Airport,Joao Mendez,Website,2025-11-25,2026-07-02
2025-ford-mustang-se-stk00565,2025 Ford Mustang SE,New Ford Mustang at the Online Hold location with 0 miles and available status.,2025-12-25,STK00565,FAKEVIN00000000565,2025,Ford,Mustang,SE,New,Available,Truck,Hybrid,Green,0,26159,36685,,10526,7,Online Hold,,,2025-12-25,
2024-hyundai-tucson-sport-stk00566,2024 Hyundai Tucson Sport,New Hyundai Tucson at the North Lot location with 0 miles and available status.,2025-08-04,STK00566,FAKEVIN00000000566,2024,Hyundai,Tucson,Sport,New,Available,Sedan,Electric,Champagne,0,20204,28021,,7817,150,Downtown,,,2025-08-04,
2026-honda-pilot-xle-stk00567,2026 Honda Pilot XLE,New Honda Pilot at the Airport location with 0 miles and service hold status.,2025-10-13,STK00567,FAKEVIN00000000567,2026,Honda,Pilot,XLE,New,Service Hold,Van,Electric,Green,0,47982,60614,,12632,80,Online Hold,,,2025-10-13,
2023-bmw-x3-base-stk00568,2023 BMW X3 Base,New BMW X3 at the Westside location with 0 miles and available status.,2025-08-06,STK00568,FAKEVIN00000000568,2023,BMW,X3,Base,New,Available,Truck,Gasoline,Blue,0,59573,71479,,11906,148,Online Hold,,,2025-08-06,
2017-kia-soul-touring-stk00569,2017 Kia Soul Touring,"Used Kia Soul at the North Lot location with 62,868 miles and available status.",2025-12-28,STK00569,FAKEVIN00000000569,2017,Kia,Soul,Touring,Used,Available,Van,Gasoline,Gray,62868,56087,60275,,4188,4,North Lot,,,2025-12-28,
2019-hyundai-elantra-platinum-stk00570,2019 Hyundai Elantra Platinum,"Used Hyundai Elantra at the North Lot location with 93,262 miles and available status.",2025-08-04,STK00570,FAKEVIN00000000570,2019,Hyundai,Elantra,Platinum,Used,Available,Sedan,Hybrid,Champagne,93262,51067,60810,,9743,150,Airport,,,2025-08-04,
2027-honda-civic-xle-stk00571,2027 Honda Civic XLE,"Certified Honda Civic at the Westside location with 85,285 miles and in transit status.",2025-11-25,STK00571,FAKEVIN00000000571,2027,Honda,Civic,XLE,Certified,In Transit,Van,Diesel,Black,85285,68798,72964,,4166,37,Westside,,,2025-11-25,
2027-chevrolet-traverse-base-stk00572,2027 Chevrolet Traverse Base,New Chevrolet Traverse at the North Lot location with 0 miles and available status.,2025-11-15,STK00572,FAKEVIN00000000572,2027,Chevrolet,Traverse,Base,New,Available,Truck,Electric,Red,0,37204,42405,,5201,47,Westside,,,2025-11-15,
2016-tesla-model-s-touring-stk00573,2016 Tesla Model S Touring,"Used Tesla Model S at the Westside location with 90,932 miles and sold status.",2025-12-13,STK00573,FAKEVIN00000000573,2016,Tesla,Model S,Touring,Used,Sold,Coupe,Diesel,Blue,90932,46650,56817,56388,9738,19,Westside,Iris Chen,Phone,2025-12-13,2026-05-25
2024-mercedes-benz-gle-350-base-stk00574,2024 Mercedes-Benz GLE 350 Base,New Mercedes-Benz GLE 350 at the Airport location with 0 miles and service hold status.,2025-11-04,STK00574,FAKEVIN00000000574,2024,Mercedes-Benz,GLE 350,Base,New,Service Hold,Sedan,Gasoline,Champagne,0,46854,57393,,10539,58,Online Hold,,,2025-11-04,
2019-mercedes-benz-e-350-premium-stk00575,2019 Mercedes-Benz E 350 Premium,"Used Mercedes-Benz E 350 at the Downtown location with 15,938 miles and available status.",2025-09-15,STK00575,FAKEVIN00000000575,2019,Mercedes-Benz,E 350,Premium,Used,Available,Truck,Hybrid,Red,15938,26068,34927,,8859,108,North Lot,,,2025-09-15,
2023-nissan-sentra-platinum-stk00576,2023 Nissan Sentra Platinum,"Used Nissan Sentra at the North Lot location with 90,576 miles and sold status.",2025-09-19,STK00576,FAKEVIN00000000576,2023,Nissan,Sentra,Platinum,Used,Sold,Hatchback,Hybrid,White,90576,72113,79290,78377,6264,104,North Lot,Mateo Silva,Phone,2025-09-19,2026-04-18
2026-nissan-sentra-sel-stk00577,2026 Nissan Sentra SEL,New Nissan Sentra at the North Lot location with 0 miles and in transit status.,2025-08-30,STK00577,FAKEVIN00000000577,2026,Nissan,Sentra,SEL,New,In Transit,Hatchback,Gasoline,Champagne,0,30278,33430,,3152,124,North Lot,,,2025-08-30,
2022-hyundai-sonata-sport-stk00578,2022 Hyundai Sonata Sport,"Certified Hyundai Sonata at the North Lot location with 21,099 miles and available status.",2025-09-09,STK00578,FAKEVIN00000000578,2022,Hyundai,Sonata,Sport,Certified,Available,Sedan,Diesel,Gray,21099,77599,88021,,10422,114,North Lot,,,2025-09-09,
2023-tesla-model-y-limited-stk00579,2023 Tesla Model Y Limited,"Certified Tesla Model Y at the North Lot location with 80,878 miles and sold status.",2025-12-08,STK00579,FAKEVIN00000000579,2023,Tesla,Model Y,Limited,Certified,Sold,Hatchback,Electric,Green,80878,33958,44389,44139,10181,24,Online Hold,Iris Chen,Website,2025-12-08,2026-02-06
2016-mercedes-benz-glc-300-limited-stk00580,2016 Mercedes-Benz GLC 300 Limited,"Used Mercedes-Benz GLC 300 at the Airport location with 80,693 miles and in transit status.",2025-07-07,STK00580,FAKEVIN00000000580,2016,Mercedes-Benz,GLC 300,Limited,Used,In Transit,Coupe,Electric,Green,80693,63107,74714,,11607,178,North Lot,,,2025-07-07,
2016-tesla-model-x-base-stk00581,2016 Tesla Model X Base,"Used Tesla Model X at the Westside location with 9,213 miles and available status.",2025-08-20,STK00581,FAKEVIN00000000581,2016,Tesla,Model X,Base,Used,Available,Hatchback,Electric,Champagne,9213,62529,70520,,7991,134,Downtown,,,2025-08-20,
2020-kia-telluride-sport-stk00582,2020 Kia Telluride Sport,"Used Kia Telluride at the Westside location with 91,992 miles and in transit status.",2025-10-28,STK00582,FAKEVIN00000000582,2020,Kia,Telluride,Sport,Used,In Transit,Hatchback,Gasoline,Champagne,91992,33558,41456,,7898,65,Online Hold,,,2025-10-28,
2022-kia-telluride-sport-stk00583,2022 Kia Telluride Sport,"Used Kia Telluride at the Online Hold location with 45,005 miles and available status.",2025-09-25,STK00583,FAKEVIN00000000583,2022,Kia,Telluride,Sport,Used,Available,Van,Electric,Champagne,45005,17688,23280,,5592,98,Downtown,,,2025-09-25,
2016-mercedes-benz-gle-350-xle-stk00584,2016 Mercedes-Benz GLE 350 XLE,"Used Mercedes-Benz GLE 350 at the Airport location with 35,150 miles and sold status.",2025-09-07,STK00584,FAKEVIN00000000584,2016,Mercedes-Benz,GLE 350,XLE,Used,Sold,Sedan,Hybrid,Champagne,35150,43764,51751,50231,6467,116,Westside,Miles Grant,Referral,2025-09-07,2026-05-25
2021-mercedes-benz-cla-250-se-stk00585,2021 Mercedes-Benz CLA 250 SE,New Mercedes-Benz CLA 250 at the Airport location with 0 miles and available status.,2025-11-07,STK00585,FAKEVIN00000000585,2021,Mercedes-Benz,CLA 250,SE,New,Available,Hatchback,Electric,Gray,0,65512,71830,,6318,55,Downtown,,,2025-11-07,
2016-mercedes-benz-gle-350-se-stk00586,2016 Mercedes-Benz GLE 350 SE,"Used Mercedes-Benz GLE 350 at the Westside location with 78,473 miles and available status.",2025-11-19,STK00586,FAKEVIN00000000586,2016,Mercedes-Benz,GLE 350,SE,Used,Available,Sedan,Gasoline,White,78473,33594,38797,,5203,43,Airport,,,2025-11-19,
2026-hyundai-sonata-premium-stk00587,2026 Hyundai Sonata Premium,"Certified Hyundai Sonata at the North Lot location with 5,661 miles and in transit status.",2025-12-13,STK00587,FAKEVIN00000000587,2026,Hyundai,Sonata,Premium,Certified,In Transit,SUV,Electric,Silver,5661,68611,71120,,2509,19,Westside,,,2025-12-13,
2018-mercedes-benz-gle-350-sport-stk00588,2018 Mercedes-Benz GLE 350 Sport,"Used Mercedes-Benz GLE 350 at the Airport location with 82,038 miles and available status.",2025-08-29,STK00588,FAKEVIN00000000588,2018,Mercedes-Benz,GLE 350,Sport,Used,Available,Coupe,Hybrid,Red,82038,36181,41357,,5176,125,Westside,,,2025-08-29,
2024-mercedes-benz-gle-350-xle-stk00589,2024 Mercedes-Benz GLE 350 XLE,"Certified Mercedes-Benz GLE 350 at the Downtown location with 79,937 miles and available status.",2025-08-24,STK00589,FAKEVIN00000000589,2024,Mercedes-Benz,GLE 350,XLE,Certified,Available,Truck,Hybrid,Blue,79937,75605,78662,,3057,130,Westside,,,2025-08-24,
2024-hyundai-santa-fe-sport-stk00590,2024 Hyundai Santa Fe Sport,New Hyundai Santa Fe at the Westside location with 0 miles and in transit status.,2025-08-17,STK00590,FAKEVIN00000000590,2024,Hyundai,Santa Fe,Sport,New,In Transit,Truck,Electric,Red,0,71382,79432,,8050,137,Westside,,,2025-08-17,
2026-ford-escape-base-stk00591,2026 Ford Escape Base,"Certified Ford Escape at the Airport location with 81,551 miles and sold status.",2025-12-07,STK00591,FAKEVIN00000000591,2026,Ford,Escape,Base,Certified,Sold,Sedan,Diesel,Gray,81551,29254,35183,33905,4651,25,North Lot,Joao Mendez,Website,2025-12-07,2026-03-05
2022-hyundai-palisade-premium-stk00592,2022 Hyundai Palisade Premium,New Hyundai Palisade at the Online Hold location with 0 miles and service hold status.,2025-09-17,STK00592,FAKEVIN00000000592,2022,Hyundai,Palisade,Premium,New,Service Hold,Van,Electric,Gray,0,37802,43158,,5356,106,Online Hold,,,2025-09-17,
2021-ford-mustang-premium-stk00593,2021 Ford Mustang Premium,"Used Ford Mustang at the Downtown location with 50,195 miles and available status.",2025-11-24,STK00593,FAKEVIN00000000593,2021,Ford,Mustang,Premium,Used,Available,Sedan,Gasoline,White,50195,40819,47563,,6744,38,North Lot,,,2025-11-24,
2018-ford-mustang-se-stk00594,2018 Ford Mustang SE,"Used Ford Mustang at the North Lot location with 63,297 miles and sold status.",2025-12-30,STK00594,FAKEVIN00000000594,2018,Ford,Mustang,SE,Used,Sold,Truck,Diesel,Silver,63297,63312,73521,70816,7504,2,Westside,Leah Brooks,Phone,2025-12-30,2026-06-12
2025-toyota-tacoma-ex-l-stk00595,2025 Toyota Tacoma EX-L,New Toyota Tacoma at the Downtown location with 0 miles and reserved status.,2025-08-27,STK00595,FAKEVIN00000000595,2025,Toyota,Tacoma,EX-L,New,Reserved,Sedan,Electric,Blue,0,63974,66202,,2228,127,Westside,,,2025-08-27,
2025-ford-explorer-touring-stk00596,2025 Ford Explorer Touring,"Used Ford Explorer at the North Lot location with 51,362 miles and reserved status.",2025-08-19,STK00596,FAKEVIN00000000596,2025,Ford,Explorer,Touring,Used,Reserved,Van,Hybrid,Gray,51362,65776,77464,,11688,135,Airport,,,2025-08-19,
2023-toyota-corolla-sport-stk00597,2023 Toyota Corolla Sport,New Toyota Corolla at the Online Hold location with 0 miles and sold status.,2025-10-30,STK00597,FAKEVIN00000000597,2023,Toyota,Corolla,Sport,New,Sold,Sedan,Hybrid,Silver,0,34458,38946,36401,1943,63,Downtown,Leah Brooks,Website,2025-10-30,2026-01-03
2021-honda-civic-touring-stk00598,2021 Honda Civic Touring,New Honda Civic at the Online Hold location with 0 miles and service hold status.,2025-08-05,STK00598,FAKEVIN00000000598,2021,Honda,Civic,Touring,New,Service Hold,Hatchback,Electric,White,0,48960,61276,,12316,149,Online Hold,,,2025-08-05,
2025-toyota-camry-ex-l-stk00599,2025 Toyota Camry EX-L,"Used Toyota Camry at the Online Hold location with 61,392 miles and service hold status.",2025-08-14,STK00599,FAKEVIN00000000599,2025,Toyota,Camry,EX-L,Used,Service Hold,Coupe,Gasoline,Black,61392,63215,70673,,7458,140,Westside,,,2025-08-14,
2025-mercedes-benz-e-350-base-stk00600,2025 Mercedes-Benz E 350 Base,"Used Mercedes-Benz E 350 at the Online Hold location with 29,282 miles and reserved status.",2025-10-13,STK00600,FAKEVIN00000000600,2025,Mercedes-Benz,E 350,Base,Used,Reserved,SUV,Diesel,Champagne,29282,44997,54614,,9617,80,Airport,,,2025-10-13,
2021-honda-accord-se-stk00601,2021 Honda Accord SE,"Certified Honda Accord at the Airport location with 89,726 miles and sold status.",2025-12-15,STK00601,FAKEVIN00000000601,2021,Honda,Accord,SE,Certified,Sold,Coupe,Diesel,White,89726,65563,73417,72639,7076,17,Downtown,Ana Costa,Walk-in,2025-12-15,2026-01-23
2020-honda-pilot-sport-stk00602,2020 Honda Pilot Sport,"Used Honda Pilot at the Online Hold location with 45,493 miles and reserved status.",2025-11-06,STK00602,FAKEVIN00000000602,2020,Honda,Pilot,Sport,Used,Reserved,SUV,Gasoline,Red,45493,19801,26408,,6607,56,North Lot,,,2025-11-06,
2020-tesla-model-3-sport-stk00603,2020 Tesla Model 3 Sport,"Used Tesla Model 3 at the Downtown location with 45,513 miles and in transit status.",2025-09-21,STK00603,FAKEVIN00000000603,2020,Tesla,Model 3,Sport,Used,In Transit,Hatchback,Hybrid,Gray,45513,73786,86132,,12346,102,Airport,,,2025-09-21,
2024-mercedes-benz-glc-300-limited-stk00604,2024 Mercedes-Benz GLC 300 Limited,"Used Mercedes-Benz GLC 300 at the Online Hold location with 5,535 miles and sold status.",2025-08-04,STK00604,FAKEVIN00000000604,2024,Mercedes-Benz,GLC 300,Limited,Used,Sold,SUV,Hybrid,Black,5535,48926,56864,55180,6254,150,North Lot,Mateo Silva,Walk-in,2025-08-04,2026-01-14
2016-mercedes-benz-cla-250-ex-l-stk00605,2016 Mercedes-Benz CLA 250 EX-L,"Used Mercedes-Benz CLA 250 at the Westside location with 29,741 miles and available status.",2025-12-17,STK00605,FAKEVIN00000000605,2016,Mercedes-Benz,CLA 250,EX-L,Used,Available,SUV,Diesel,Black,29741,35991,45963,,9972,15,Online Hold,,,2025-12-17,
2027-bmw-x3-touring-stk00606,2027 BMW X3 Touring,New BMW X3 at the North Lot location with 0 miles and sold status.,2025-07-05,STK00606,FAKEVIN00000000606,2027,BMW,X3,Touring,New,Sold,Truck,Electric,Green,0,56377,63182,60817,4440,180,Downtown,Ana Costa,Phone,2025-07-05,2026-05-17
2025-tesla-model-x-se-stk00607,2025 Tesla Model X SE,New Tesla Model X at the Online Hold location with 0 miles and sold status.,2025-12-03,STK00607,FAKEVIN00000000607,2025,Tesla,Model X,SE,New,Sold,Truck,Electric,Red,0,19034,26311,23915,4881,29,North Lot,Priya Shah,Marketplace,2025-12-03,2026-02-03
2021-honda-ridgeline-premium-stk00608,2021 Honda Ridgeline Premium,"Used Honda Ridgeline at the Westside location with 60,761 miles and available status.",2025-08-10,STK00608,FAKEVIN00000000608,2021,Honda,Ridgeline,Premium,Used,Available,Truck,Electric,Red,60761,27662,35707,,8045,144,Westside,,,2025-08-10,
2021-bmw-x5-ex-l-stk00609,2021 BMW X5 EX-L,New BMW X5 at the Westside location with 0 miles and reserved status.,2025-10-18,STK00609,FAKEVIN00000000609,2021,BMW,X5,EX-L,New,Reserved,Hatchback,Diesel,Blue,0,41453,52459,,11006,75,Downtown,,,2025-10-18,
2021-mercedes-benz-gle-350-sel-stk00610,2021 Mercedes-Benz GLE 350 SEL,"Used Mercedes-Benz GLE 350 at the Online Hold location with 37,945 miles and available status.",2025-07-13,STK00610,FAKEVIN00000000610,2021,Mercedes-Benz,GLE 350,SEL,Used,Available,Hatchback,Hybrid,Champagne,37945,49231,59183,,9952,172,Online Hold,,,2025-07-13,
2022-tesla-model-3-touring-stk00611,2022 Tesla Model 3 Touring,"Used Tesla Model 3 at the Online Hold location with 94,054 miles and sold status.",2025-08-19,STK00611,FAKEVIN00000000611,2022,Tesla,Model 3,Touring,Used,Sold,Coupe,Diesel,Gray,94054,33109,38456,35767,2658,135,Downtown,Mateo Silva,Marketplace,2025-08-19,2026-07-21
2025-ford-mustang-ex-l-stk00612,2025 Ford Mustang EX-L,New Ford Mustang at the North Lot location with 0 miles and service hold status.,2025-12-18,STK00612,FAKEVIN00000000612,2025,Ford,Mustang,EX-L,New,Service Hold,SUV,Gasoline,Blue,0,23549,32236,,8687,14,Downtown,,,2025-12-18,
2026-hyundai-sonata-premium-stk00613,2026 Hyundai Sonata Premium,New Hyundai Sonata at the Downtown location with 0 miles and available status.,2025-07-05,STK00613,FAKEVIN00000000613,2026,Hyundai,Sonata,Premium,New,Available,Coupe,Gasoline,Blue,0,47749,53868,,6119,180,Westside,,,2025-07-05,
2021-toyota-highlander-xle-stk00614,2021 Toyota Highlander XLE,"Used Toyota Highlander at the Airport location with 27,032 miles and available status.",2025-09-13,STK00614,FAKEVIN00000000614,2021,Toyota,Highlander,XLE,Used,Available,Van,Electric,Silver,27032,62883,68230,,5347,110,Online Hold,,,2025-09-13,
2021-mercedes-benz-glc-300-touring-stk00615,2021 Mercedes-Benz GLC 300 Touring,New Mercedes-Benz GLC 300 at the Downtown location with 0 miles and reserved status.,2025-09-20,STK00615,FAKEVIN00000000615,2021,Mercedes-Benz,GLC 300,Touring,New,Reserved,Coupe,Electric,Green,0,68063,71585,,3522,103,Online Hold,,,2025-09-20,
2027-tesla-model-s-xle-stk00616,2027 Tesla Model S XLE,New Tesla Model S at the Airport location with 0 miles and available status.,2025-12-14,STK00616,FAKEVIN00000000616,2027,Tesla,Model S,XLE,New,Available,Hatchback,Electric,Gray,0,47025,55874,,8849,18,Downtown,,,2025-12-14,
2017-honda-civic-base-stk00617,2017 Honda Civic Base,"Used Honda Civic at the Airport location with 60,207 miles and available status.",2025-08-15,STK00617,FAKEVIN00000000617,2017,Honda,Civic,Base,Used,Available,Hatchback,Hybrid,Green,60207,39494,48078,,8584,139,North Lot,,,2025-08-15,
2017-nissan-frontier-platinum-stk00618,2017 Nissan Frontier Platinum,"Used Nissan Frontier at the Airport location with 41,261 miles and sold status.",2025-10-06,STK00618,FAKEVIN00000000618,2017,Nissan,Frontier,Platinum,Used,Sold,Coupe,Diesel,Gray,41261,44873,54725,53539,8666,87,North Lot,Miles Grant,Phone,2025-10-06,2026-06-10
2021-hyundai-santa-fe-touring-stk00619,2021 Hyundai Santa Fe Touring,"Certified Hyundai Santa Fe at the Westside location with 94,951 miles and available status.",2025-09-07,STK00619,FAKEVIN00000000619,2021,Hyundai,Santa Fe,Touring,Certified,Available,Truck,Diesel,White,94951,40365,49196,,8831,116,Online Hold,,,2025-09-07,
2025-ford-mustang-premium-stk00620,2025 Ford Mustang Premium,"Used Ford Mustang at the North Lot location with 87,321 miles and sold status.",2025-12-10,STK00620,FAKEVIN00000000620,2025,Ford,Mustang,Premium,Used,Sold,Van,Hybrid,Green,87321,38037,48973,46378,8341,22,Online Hold,Ana Costa,Website,2025-12-10,2026-03-17
2023-mercedes-benz-cla-250-premium-stk00621,2023 Mercedes-Benz CLA 250 Premium,"Used Mercedes-Benz CLA 250 at the North Lot location with 34,565 miles and service hold status.",2025-07-15,STK00621,FAKEVIN00000000621,2023,Mercedes-Benz,CLA 250,Premium,Used,Service Hold,Truck,Electric,Red,34565,73346,85897,,12551,170,Downtown,,,2025-07-15,
2022-kia-soul-se-stk00622,2022 Kia Soul SE,"Used Kia Soul at the Airport location with 12,714 miles and in transit status.",2025-07-18,STK00622,FAKEVIN00000000622,2022,Kia,Soul,SE,Used,In Transit,Hatchback,Gasoline,White,12714,55581,64732,,9151,167,Downtown,,,2025-07-18,
2020-hyundai-sonata-xle-stk00623,2020 Hyundai Sonata XLE,"Used Hyundai Sonata at the North Lot location with 74,977 miles and service hold status.",2025-11-04,STK00623,FAKEVIN00000000623,2020,Hyundai,Sonata,XLE,Used,Service Hold,Sedan,Diesel,Gray,74977,29848,35343,,5495,58,Online Hold,,,2025-11-04,
2016-ford-f-150-premium-stk00624,2016 Ford F-150 Premium,"Used Ford F-150 at the Airport location with 88,225 miles and available status.",2025-12-14,STK00624,FAKEVIN00000000624,2016,Ford,F-150,Premium,Used,Available,Sedan,Diesel,Champagne,88225,45779,51022,,5243,18,North Lot,,,2025-12-14,
2023-chevrolet-traverse-base-stk00625,2023 Chevrolet Traverse Base,New Chevrolet Traverse at the Online Hold location with 0 miles and available status.,2025-10-06,STK00625,FAKEVIN00000000625,2023,Chevrolet,Traverse,Base,New,Available,Truck,Hybrid,Blue,0,69268,79410,,10142,87,North Lot,,,2025-10-06,
2021-honda-civic-base-stk00626,2021 Honda Civic Base,"Certified Honda Civic at the North Lot location with 43,649 miles and reserved status.",2025-07-09,STK00626,FAKEVIN00000000626,2021,Honda,Civic,Base,Certified,Reserved,Hatchback,Gasoline,White,43649,57536,62553,,5017,176,Online Hold,,,2025-07-09,
2027-ford-f-150-premium-stk00627,2027 Ford F-150 Premium,New Ford F-150 at the Westside location with 0 miles and reserved status.,2025-07-19,STK00627,FAKEVIN00000000627,2027,Ford,F-150,Premium,New,Reserved,Van,Gasoline,Gray,0,67096,72396,,5300,166,Online Hold,,,2025-07-19,
2023-bmw-x3-touring-stk00628,2023 BMW X3 Touring,"Certified BMW X3 at the Airport location with 75,966 miles and sold status.",2025-12-11,STK00628,FAKEVIN00000000628,2023,BMW,X3,Touring,Certified,Sold,Hatchback,Hybrid,Blue,75966,53350,60879,58814,5464,21,Westside,Iris Chen,Phone,2025-12-11,2026-07-24
2023-ford-bronco-sport-se-stk00629,2023 Ford Bronco Sport SE,New Ford Bronco Sport at the Airport location with 0 miles and sold status.,2025-12-04,STK00629,FAKEVIN00000000629,2023,Ford,Bronco Sport,SE,New,Sold,Truck,Diesel,Blue,0,48807,58339,57529,8722,28,Westside,Miles Grant,Walk-in,2025-12-04,2026-03-29
2024-mercedes-benz-gle-350-xle-stk00630,2024 Mercedes-Benz GLE 350 XLE,New Mercedes-Benz GLE 350 at the Westside location with 0 miles and available status.,2025-10-16,STK00630,FAKEVIN00000000630,2024,Mercedes-Benz,GLE 350,XLE,New,Available,Sedan,Hybrid,Champagne,0,34404,42169,,7765,77,Westside,,,2025-10-16,
2023-toyota-camry-sel-stk00631,2023 Toyota Camry SEL,New Toyota Camry at the Downtown location with 0 miles and reserved status.,2025-07-30,STK00631,FAKEVIN00000000631,2023,Toyota,Camry,SEL,New,Reserved,Van,Gasoline,Champagne,0,64048,71593,,7545,155,Westside,,,2025-07-30,
2024-kia-sorento-xle-stk00632,2024 Kia Sorento XLE,New Kia Sorento at the Online Hold location with 0 miles and reserved status.,2025-07-11,STK00632,FAKEVIN00000000632,2024,Kia,Sorento,XLE,New,Reserved,Truck,Hybrid,Red,0,51004,55244,,4240,174,Airport,,,2025-07-11,
2025-mercedes-benz-c-300-touring-stk00633,2025 Mercedes-Benz C 300 Touring,"Certified Mercedes-Benz C 300 at the Airport location with 56,746 miles and sold status.",2025-08-30,STK00633,FAKEVIN00000000633,2025,Mercedes-Benz,C 300,Touring,Certified,Sold,Hatchback,Gasoline,Green,56746,26658,35727,33449,6791,124,North Lot,Miles Grant,Phone,2025-08-30,2026-02-03
2027-bmw-x5-base-stk00634,2027 BMW X5 Base,New BMW X5 at the Online Hold location with 0 miles and sold status.,2025-10-10,STK00634,FAKEVIN00000000634,2027,BMW,X5,Base,New,Sold,Hatchback,Gasoline,Blue,0,71038,79895,78776,7738,83,Online Hold,Joao Mendez,Referral,2025-10-10,2026-05-27
2018-tesla-model-y-sport-stk00635,2018 Tesla Model Y Sport,"Used Tesla Model Y at the Westside location with 31,978 miles and service hold status.",2025-12-01,STK00635,FAKEVIN00000000635,2018,Tesla,Model Y,Sport,Used,Service Hold,Truck,Hybrid,Red,31978,68159,77188,,9029,31,Downtown,,,2025-12-01,
2022-nissan-pathfinder-sel-stk00636,2022 Nissan Pathfinder SEL,New Nissan Pathfinder at the Airport location with 0 miles and available status.,2025-11-19,STK00636,FAKEVIN00000000636,2022,Nissan,Pathfinder,SEL,New,Available,Truck,Diesel,Gray,0,33990,37634,,3644,43,Downtown,,,2025-11-19,
2023-chevrolet-silverado-ex-l-stk00637,2023 Chevrolet Silverado EX-L,"Certified Chevrolet Silverado at the Westside location with 13,742 miles and sold status.",2025-12-10,STK00637,FAKEVIN00000000637,2023,Chevrolet,Silverado,EX-L,Certified,Sold,Truck,Diesel,Black,13742,49719,53084,51847,2128,22,Airport,Ana Costa,Walk-in,2025-12-10,2026-06-14
2024-bmw-m240i-sport-stk00638,2024 BMW M240i Sport,New BMW M240i at the North Lot location with 0 miles and available status.,2025-11-25,STK00638,FAKEVIN00000000638,2024,BMW,M240i,Sport,New,Available,Truck,Gasoline,Silver,0,45053,53965,,8912,37,Downtown,,,2025-11-25,
2016-ford-explorer-sel-stk00639,2016 Ford Explorer SEL,"Used Ford Explorer at the Online Hold location with 74,913 miles and sold status.",2025-11-12,STK00639,FAKEVIN00000000639,2016,Ford,Explorer,SEL,Used,Sold,Coupe,Diesel,White,74913,52083,58297,57726,5643,50,Airport,Leah Brooks,Marketplace,2025-11-12,2026-05-10
2026-chevrolet-tahoe-se-stk00640,2026 Chevrolet Tahoe SE,"Certified Chevrolet Tahoe at the Downtown location with 15,536 miles and service hold status.",2025-12-03,STK00640,FAKEVIN00000000640,2026,Chevrolet,Tahoe,SE,Certified,Service Hold,Sedan,Diesel,Silver,15536,54220,59953,,5733,29,Downtown,,,2025-12-03,
2027-chevrolet-silverado-premium-stk00641,2027 Chevrolet Silverado Premium,New Chevrolet Silverado at the Downtown location with 0 miles and reserved status.,2025-12-02,STK00641,FAKEVIN00000000641,2027,Chevrolet,Silverado,Premium,New,Reserved,Coupe,Diesel,Green,0,57289,65721,,8432,30,North Lot,,,2025-12-02,
2024-nissan-frontier-base-stk00642,2024 Nissan Frontier Base,New Nissan Frontier at the Airport location with 0 miles and service hold status.,2025-08-08,STK00642,FAKEVIN00000000642,2024,Nissan,Frontier,Base,New,Service Hold,SUV,Electric,Black,0,60953,70625,,9672,146,Westside,,,2025-08-08,
2016-kia-sportage-touring-stk00643,2016 Kia Sportage Touring,"Used Kia Sportage at the Downtown location with 19,710 miles and sold status.",2025-12-21,STK00643,FAKEVIN00000000643,2016,Kia,Sportage,Touring,Used,Sold,SUV,Hybrid,Blue,19710,37922,49833,47179,9257,11,Downtown,Joao Mendez,Marketplace,2025-12-21,2026-03-21
2020-toyota-tacoma-ex-l-stk00644,2020 Toyota Tacoma EX-L,"Used Toyota Tacoma at the Downtown location with 95,528 miles and reserved status.",2025-10-01,STK00644,FAKEVIN00000000644,2020,Toyota,Tacoma,EX-L,Used,Reserved,Truck,Electric,Green,95528,61109,71779,,10670,92,North Lot,,,2025-10-01,
2022-honda-ridgeline-sport-stk00645,2022 Honda Ridgeline Sport,"Certified Honda Ridgeline at the Airport location with 58,839 miles and sold status.",2025-10-26,STK00645,FAKEVIN00000000645,2022,Honda,Ridgeline,Sport,Certified,Sold,Van,Hybrid,Green,58839,43472,49813,49123,5651,67,Airport,Miles Grant,Website,2025-10-26,2026-04-08
2027-toyota-tacoma-ex-l-stk00646,2027 Toyota Tacoma EX-L,"Certified Toyota Tacoma at the Online Hold location with 68,954 miles and sold status.",2025-09-02,STK00646,FAKEVIN00000000646,2027,Toyota,Tacoma,EX-L,Certified,Sold,Truck,Diesel,Blue,68954,46678,51972,50027,3349,121,Online Hold,Noah Kim,Walk-in,2025-09-02,2026-04-06
2022-mercedes-benz-gle-350-platinum-stk00647,2022 Mercedes-Benz GLE 350 Platinum,"Certified Mercedes-Benz GLE 350 at the North Lot location with 77,859 miles and available status.",2025-09-13,STK00647,FAKEVIN00000000647,2022,Mercedes-Benz,GLE 350,Platinum,Certified,Available,Van,Gasoline,Black,77859,43536,46778,,3242,110,Online Hold,,,2025-09-13,
2025-nissan-frontier-xle-stk00648,2025 Nissan Frontier XLE,"Used Nissan Frontier at the Downtown location with 12,394 miles and available status.",2025-10-20,STK00648,FAKEVIN00000000648,2025,Nissan,Frontier,XLE,Used,Available,Coupe,Diesel,Red,12394,46578,51911,,5333,73,North Lot,,,2025-10-20,
2024-hyundai-elantra-se-stk00649,2024 Hyundai Elantra SE,New Hyundai Elantra at the Airport location with 0 miles and available status.,2025-09-09,STK00649,FAKEVIN00000000649,2024,Hyundai,Elantra,SE,New,Available,Van,Diesel,White,0,21152,24682,,3530,114,Westside,,,2025-09-09,
2023-honda-accord-premium-stk00650,2023 Honda Accord Premium,"Certified Honda Accord at the Airport location with 24,051 miles and reserved status.",2025-10-20,STK00650,FAKEVIN00000000650,2023,Honda,Accord,Premium,Certified,Reserved,Sedan,Diesel,White,24051,38302,44795,,6493,73,Online Hold,,,2025-10-20,
2027-tesla-model-y-base-stk00651,2027 Tesla Model Y Base,New Tesla Model Y at the Airport location with 0 miles and available status.,2025-08-14,STK00651,FAKEVIN00000000651,2027,Tesla,Model Y,Base,New,Available,Van,Hybrid,Red,0,23651,33974,,10323,140,North Lot,,,2025-08-14,
2021-hyundai-santa-fe-ex-l-stk00652,2021 Hyundai Santa Fe EX-L,New Hyundai Santa Fe at the North Lot location with 0 miles and available status.,2025-11-20,STK00652,FAKEVIN00000000652,2021,Hyundai,Santa Fe,EX-L,New,Available,Sedan,Diesel,Silver,0,59166,65945,,6779,42,Online Hold,,,2025-11-20,
2025-bmw-m240i-xle-stk00653,2025 BMW M240i XLE,"Used BMW M240i at the Airport location with 94,613 miles and available status.",2025-07-20,STK00653,FAKEVIN00000000653,2025,BMW,M240i,XLE,Used,Available,Coupe,Hybrid,Green,94613,43597,55382,,11785,165,Downtown,,,2025-07-20,
2022-tesla-model-y-sel-stk00654,2022 Tesla Model Y SEL,"Used Tesla Model Y at the North Lot location with 28,192 miles and available status.",2025-09-23,STK00654,FAKEVIN00000000654,2022,Tesla,Model Y,SEL,Used,Available,SUV,Electric,Black,28192,68323,71170,,2847,100,Downtown,,,2025-09-23,
2023-tesla-model-x-se-stk00655,2023 Tesla Model X SE,New Tesla Model X at the Westside location with 0 miles and reserved status.,2025-08-31,STK00655,FAKEVIN00000000655,2023,Tesla,Model X,SE,New,Reserved,SUV,Diesel,Red,0,32189,36380,,4191,123,Online Hold,,,2025-08-31,
2024-toyota-highlander-xle-stk00656,2024 Toyota Highlander XLE,"Certified Toyota Highlander at the Downtown location with 56,441 miles and sold status.",2025-08-04,STK00656,FAKEVIN00000000656,2024,Toyota,Highlander,XLE,Certified,Sold,Truck,Hybrid,Blue,56441,73053,85331,84181,11128,150,Online Hold,Ana Costa,Marketplace,2025-08-04,2026-03-24
2026-bmw-330i-sport-stk00657,2026 BMW 330i Sport,New BMW 330i at the Downtown location with 0 miles and sold status.,2025-08-19,STK00657,FAKEVIN00000000657,2026,BMW,330i,Sport,New,Sold,Van,Hybrid,Black,0,32366,39078,38771,6405,135,Westside,Iris Chen,Walk-in,2025-08-19,2026-07-07
2022-mercedes-benz-glc-300-premium-stk00658,2022 Mercedes-Benz GLC 300 Premium,"Certified Mercedes-Benz GLC 300 at the North Lot location with 62,688 miles and available status.",2025-12-23,STK00658,FAKEVIN00000000658,2022,Mercedes-Benz,GLC 300,Premium,Certified,Available,Hatchback,Diesel,Silver,62688,63799,70163,,6364,9,Downtown,,,2025-12-23,
2021-toyota-camry-sport-stk00659,2021 Toyota Camry Sport,"Used Toyota Camry at the Airport location with 61,582 miles and available status.",2025-09-29,STK00659,FAKEVIN00000000659,2021,Toyota,Camry,Sport,Used,Available,Sedan,Electric,Blue,61582,71305,82112,,10807,94,Online Hold,,,2025-09-29,
2018-ford-escape-sel-stk00660,2018 Ford Escape SEL,"Used Ford Escape at the Airport location with 33,459 miles and available status.",2025-12-29,STK00660,FAKEVIN00000000660,2018,Ford,Escape,SEL,Used,Available,Sedan,Electric,Red,33459,32109,37012,,4903,3,North Lot,,,2025-12-29,
2022-hyundai-elantra-base-stk00661,2022 Hyundai Elantra Base,New Hyundai Elantra at the North Lot location with 0 miles and available status.,2025-08-10,STK00661,FAKEVIN00000000661,2022,Hyundai,Elantra,Base,New,Available,SUV,Gasoline,Gray,0,51353,60375,,9022,144,Airport,,,2025-08-10,
2023-tesla-model-3-base-stk00662,2023 Tesla Model 3 Base,"Certified Tesla Model 3 at the Online Hold location with 68,374 miles and available status.",2025-12-07,STK00662,FAKEVIN00000000662,2023,Tesla,Model 3,Base,Certified,Available,Coupe,Diesel,Gray,68374,71718,80901,,9183,25,Westside,,,2025-12-07,
2024-bmw-m240i-se-stk00663,2024 BMW M240i SE,"Certified BMW M240i at the Airport location with 36,609 miles and sold status.",2025-07-17,STK00663,FAKEVIN00000000663,2024,BMW,M240i,SE,Certified,Sold,Truck,Diesel,White,36609,77705,81645,79617,1912,168,North Lot,Leah Brooks,Marketplace,2025-07-17,2026-04-29
2018-ford-f-150-base-stk00664,2018 Ford F-150 Base,"Used Ford F-150 at the Westside location with 37,843 miles and available status.",2025-11-12,STK00664,FAKEVIN00000000664,2018,Ford,F-150,Base,Used,Available,SUV,Gasoline,Silver,37843,48309,54866,,6557,50,Downtown,,,2025-11-12,
2025-bmw-330i-sel-stk00665,2025 BMW 330i SEL,New BMW 330i at the Westside location with 0 miles and available status.,2025-11-10,STK00665,FAKEVIN00000000665,2025,BMW,330i,SEL,New,Available,SUV,Gasoline,Gray,0,27984,35998,,8014,52,North Lot,,,2025-11-10,
2018-bmw-x3-ex-l-stk00666,2018 BMW X3 EX-L,"Used BMW X3 at the Online Hold location with 87,279 miles and available status.",2025-11-02,STK00666,FAKEVIN00000000666,2018,BMW,X3,EX-L,Used,Available,Truck,Electric,Black,87279,74678,79615,,4937,60,Airport,,,2025-11-02,
2026-honda-ridgeline-sel-stk00667,2026 Honda Ridgeline SEL,New Honda Ridgeline at the North Lot location with 0 miles and in transit status.,2025-08-02,STK00667,FAKEVIN00000000667,2026,Honda,Ridgeline,SEL,New,In Transit,Sedan,Gasoline,Blue,0,48815,52492,,3677,152,Online Hold,,,2025-08-02,
2027-bmw-530i-sel-stk00668,2027 BMW 530i SEL,"Certified BMW 530i at the Airport location with 17,294 miles and sold status.",2025-10-24,STK00668,FAKEVIN00000000668,2027,BMW,530i,SEL,Certified,Sold,Truck,Diesel,Red,17294,71650,79437,77070,5420,69,Downtown,Miles Grant,Walk-in,2025-10-24,2026-03-21
2025-bmw-x3-se-stk00669,2025 BMW X3 SE,New BMW X3 at the Westside location with 0 miles and in transit status.,2025-12-28,STK00669,FAKEVIN00000000669,2025,BMW,X3,SE,New,In Transit,Coupe,Electric,Red,0,50411,58421,,8010,4,Downtown,,,2025-12-28,
2027-tesla-model-x-sel-stk00670,2027 Tesla Model X SEL,"Certified Tesla Model X at the Westside location with 81,900 miles and reserved status.",2025-11-06,STK00670,FAKEVIN00000000670,2027,Tesla,Model X,SEL,Certified,Reserved,SUV,Hybrid,Gray,81900,64404,71823,,7419,56,North Lot,,,2025-11-06,
2018-tesla-model-3-se-stk00671,2018 Tesla Model 3 SE,"Used Tesla Model 3 at the Online Hold location with 95,869 miles and sold status.",2025-08-28,STK00671,FAKEVIN00000000671,2018,Tesla,Model 3,SE,Used,Sold,Truck,Diesel,Silver,95869,52515,56535,56141,3626,126,North Lot,Ana Costa,Marketplace,2025-08-28,2026-06-10
2024-honda-pilot-sel-stk00672,2024 Honda Pilot SEL,"Used Honda Pilot at the Online Hold location with 56,360 miles and available status.",2025-09-08,STK00672,FAKEVIN00000000672,2024,Honda,Pilot,SEL,Used,Available,Truck,Diesel,Black,56360,54604,63693,,9089,115,Airport,,,2025-09-08,
2026-ford-mustang-xle-stk00673,2026 Ford Mustang XLE,New Ford Mustang at the North Lot location with 0 miles and available status.,2025-08-25,STK00673,FAKEVIN00000000673,2026,Ford,Mustang,XLE,New,Available,Truck,Gasoline,Green,0,69952,79729,,9777,129,Westside,,,2025-08-25,
2020-tesla-model-x-sel-stk00674,2020 Tesla Model X SEL,"Used Tesla Model X at the Airport location with 34,083 miles and reserved status.",2025-11-23,STK00674,FAKEVIN00000000674,2020,Tesla,Model X,SEL,Used,Reserved,Sedan,Diesel,Silver,34083,28427,37161,,8734,39,Online Hold,,,2025-11-23,
2016-nissan-pathfinder-platinum-stk00675,2016 Nissan Pathfinder Platinum,"Used Nissan Pathfinder at the Westside location with 33,849 miles and available status.",2025-12-30,STK00675,FAKEVIN00000000675,2016,Nissan,Pathfinder,Platinum,Used,Available,Hatchback,Gasoline,Gray,33849,36012,43492,,7480,2,Westside,,,2025-12-30,
2017-honda-cr-v-ex-l-stk00676,2017 Honda CR-V EX-L,"Used Honda CR-V at the North Lot location with 78,357 miles and sold status.",2025-09-22,STK00676,FAKEVIN00000000676,2017,Honda,CR-V,EX-L,Used,Sold,Hatchback,Gasoline,Blue,78357,75865,85407,84291,8426,101,Downtown,Miles Grant,Referral,2025-09-22,2026-03-22
2018-honda-accord-limited-stk00677,2018 Honda Accord Limited,"Used Honda Accord at the Downtown location with 6,243 miles and available status.",2025-09-28,STK00677,FAKEVIN00000000677,2018,Honda,Accord,Limited,Used,Available,Coupe,Hybrid,Silver,6243,45747,55884,,10137,95,Airport,,,2025-09-28,
2026-kia-telluride-touring-stk00678,2026 Kia Telluride Touring,New Kia Telluride at the Westside location with 0 miles and available status.,2025-11-26,STK00678,FAKEVIN00000000678,2026,Kia,Telluride,Touring,New,Available,Hatchback,Hybrid,Champagne,0,19550,26514,,6964,36,Westside,,,2025-11-26,
2022-toyota-corolla-sport-stk00679,2022 Toyota Corolla Sport,New Toyota Corolla at the Online Hold location with 0 miles and available status.,2025-09-26,STK00679,FAKEVIN00000000679,2022,Toyota,Corolla,Sport,New,Available,Van,Hybrid,Silver,0,19367,23298,,3931,97,Online Hold,,,2025-09-26,
2022-bmw-x3-platinum-stk00680,2022 BMW X3 Platinum,New BMW X3 at the Downtown location with 0 miles and sold status.,2025-07-12,STK00680,FAKEVIN00000000680,2022,BMW,X3,Platinum,New,Sold,SUV,Diesel,Champagne,0,30486,40954,39226,8740,173,Westside,Noah Kim,Website,2025-07-12,2026-03-06
2023-toyota-highlander-limited-stk00681,2023 Toyota Highlander Limited,"Used Toyota Highlander at the North Lot location with 18,704 miles and available status.",2025-11-21,STK00681,FAKEVIN00000000681,2023,Toyota,Highlander,Limited,Used,Available,Truck,Diesel,Green,18704,40405,44896,,4491,41,Online Hold,,,2025-11-21,
2023-nissan-altima-se-stk00682,2023 Nissan Altima SE,"Certified Nissan Altima at the North Lot location with 51,111 miles and available status.",2025-09-02,STK00682,FAKEVIN00000000682,2023,Nissan,Altima,SE,Certified,Available,SUV,Gasoline,Silver,51111,56971,64532,,7561,121,Westside,,,2025-09-02,
2027-kia-soul-premium-stk00683,2027 Kia Soul Premium,"Certified Kia Soul at the Downtown location with 90,164 miles and sold status.",2025-12-17,STK00683,FAKEVIN00000000683,2027,Kia,Soul,Premium,Certified,Sold,Sedan,Gasoline,White,90164,71035,83591,81029,9994,15,Downtown,Noah Kim,Marketplace,2025-12-17,2026-04-10
2025-nissan-rogue-sport-stk00684,2025 Nissan Rogue Sport,"Used Nissan Rogue at the North Lot location with 30,157 miles and available status.",2025-10-10,STK00684,FAKEVIN00000000684,2025,Nissan,Rogue,Sport,Used,Available,Truck,Electric,White,30157,34894,39913,,5019,83,Downtown,,,2025-10-10,
2019-hyundai-tucson-sport-stk00685,2019 Hyundai Tucson Sport,"Used Hyundai Tucson at the North Lot location with 34,854 miles and service hold status.",2025-12-05,STK00685,FAKEVIN00000000685,2019,Hyundai,Tucson,Sport,Used,Service Hold,Truck,Gasoline,Black,34854,24810,36862,,12052,27,Airport,,,2025-12-05,
2024-mercedes-benz-gle-350-touring-stk00686,2024 Mercedes-Benz GLE 350 Touring,"Used Mercedes-Benz GLE 350 at the Downtown location with 52,424 miles and available status.",2025-12-24,STK00686,FAKEVIN00000000686,2024,Mercedes-Benz,GLE 350,Touring,Used,Available,SUV,Diesel,Silver,52424,49303,55771,,6468,8,North Lot,,,2025-12-24,
2027-hyundai-sonata-platinum-stk00687,2027 Hyundai Sonata Platinum,New Hyundai Sonata at the Online Hold location with 0 miles and sold status.,2025-08-13,STK00687,FAKEVIN00000000687,2027,Hyundai,Sonata,Platinum,New,Sold,Van,Hybrid,Silver,0,23645,25954,24897,1252,141,Downtown,Ana Costa,Walk-in,2025-08-13,2026-06-04
2026-bmw-x3-platinum-stk00688,2026 BMW X3 Platinum,New BMW X3 at the Airport location with 0 miles and available status.,2025-09-20,STK00688,FAKEVIN00000000688,2026,BMW,X3,Platinum,New,Available,Sedan,Gasoline,Silver,0,77078,88164,,11086,103,North Lot,,,2025-09-20,
2022-bmw-m240i-touring-stk00689,2022 BMW M240i Touring,"Used BMW M240i at the Online Hold location with 6,151 miles and available status.",2025-08-09,STK00689,FAKEVIN00000000689,2022,BMW,M240i,Touring,Used,Available,Sedan,Hybrid,Champagne,6151,44645,50089,,5444,145,Airport,,,2025-08-09,
2018-toyota-camry-base-stk00690,2018 Toyota Camry Base,"Used Toyota Camry at the Westside location with 17,422 miles and in transit status.",2025-09-26,STK00690,FAKEVIN00000000690,2018,Toyota,Camry,Base,Used,In Transit,Van,Hybrid,Champagne,17422,70514,81239,,10725,97,Airport,,,2025-09-26,
2025-honda-pilot-se-stk00691,2025 Honda Pilot SE,New Honda Pilot at the Online Hold location with 0 miles and service hold status.,2025-08-22,STK00691,FAKEVIN00000000691,2025,Honda,Pilot,SE,New,Service Hold,Truck,Electric,Blue,0,58936,66447,,7511,132,North Lot,,,2025-08-22,
2027-bmw-x5-touring-stk00692,2027 BMW X5 Touring,"Certified BMW X5 at the Westside location with 12,618 miles and sold status.",2025-07-14,STK00692,FAKEVIN00000000692,2027,BMW,X5,Touring,Certified,Sold,Coupe,Hybrid,Champagne,12618,54692,65838,65457,10765,171,North Lot,Noah Kim,Phone,2025-07-14,2026-07-03
2020-hyundai-santa-fe-premium-stk00693,2020 Hyundai Santa Fe Premium,"Used Hyundai Santa Fe at the Airport location with 36,591 miles and available status.",2025-08-27,STK00693,FAKEVIN00000000693,2020,Hyundai,Santa Fe,Premium,Used,Available,Sedan,Electric,Blue,36591,55712,64897,,9185,127,Westside,,,2025-08-27,
2024-ford-bronco-sport-ex-l-stk00694,2024 Ford Bronco Sport EX-L,New Ford Bronco Sport at the Downtown location with 0 miles and available status.,2025-11-16,STK00694,FAKEVIN00000000694,2024,Ford,Bronco Sport,EX-L,New,Available,Hatchback,Gasoline,Champagne,0,64349,74004,,9655,46,Airport,,,2025-11-16,
2024-honda-cr-v-touring-stk00695,2024 Honda CR-V Touring,New Honda CR-V at the Online Hold location with 0 miles and sold status.,2025-08-03,STK00695,FAKEVIN00000000695,2024,Honda,CR-V,Touring,New,Sold,SUV,Electric,Red,0,25546,34835,32340,6794,151,Westside,Noah Kim,Referral,2025-08-03,2026-03-25
2026-nissan-sentra-ex-l-stk00696,2026 Nissan Sentra EX-L,New Nissan Sentra at the Downtown location with 0 miles and service hold status.,2025-10-04,STK00696,FAKEVIN00000000696,2026,Nissan,Sentra,EX-L,New,Service Hold,Sedan,Electric,White,0,71291,80187,,8896,89,Online Hold,,,2025-10-04,
2021-bmw-530i-base-stk00697,2021 BMW 530i Base,New BMW 530i at the Airport location with 0 miles and available status.,2025-08-02,STK00697,FAKEVIN00000000697,2021,BMW,530i,Base,New,Available,Truck,Hybrid,Silver,0,68846,78579,,9733,152,Airport,,,2025-08-02,
2022-ford-f-150-xle-stk00698,2022 Ford F-150 XLE,New Ford F-150 at the Westside location with 0 miles and service hold status.,2025-12-19,STK00698,FAKEVIN00000000698,2022,Ford,F-150,XLE,New,Service Hold,Sedan,Diesel,Silver,0,55106,64781,,9675,13,Westside,,,2025-12-19,
2022-bmw-x3-limited-stk00699,2022 BMW X3 Limited,"Used BMW X3 at the Online Hold location with 55,989 miles and sold status.",2025-12-17,STK00699,FAKEVIN00000000699,2022,BMW,X3,Limited,Used,Sold,Hatchback,Hybrid,Blue,55989,30030,40943,38606,8576,15,North Lot,Noah Kim,Marketplace,2025-12-17,2026-06-10
2027-ford-explorer-base-stk00700,2027 Ford Explorer Base,New Ford Explorer at the Westside location with 0 miles and available status.,2025-10-02,STK00700,FAKEVIN00000000700,2027,Ford,Explorer,Base,New,Available,Coupe,Diesel,Blue,0,61449,70918,,9469,91,Online Hold,,,2025-10-02,
2024-bmw-330i-sel-stk00701,2024 BMW 330i SEL,New BMW 330i at the North Lot location with 0 miles and sold status.,2025-07-31,STK00701,FAKEVIN00000000701,2024,BMW,330i,SEL,New,Sold,Hatchback,Diesel,Gray,0,51401,56687,54549,3148,154,Airport,Miles Grant,Walk-in,2025-07-31,2026-07-21
2021-honda-accord-sport-stk00702,2021 Honda Accord Sport,New Honda Accord at the Downtown location with 0 miles and in transit status.,2025-10-05,STK00702,FAKEVIN00000000702,2021,Honda,Accord,Sport,New,In Transit,SUV,Hybrid,Blue,0,20102,27664,,7562,88,Westside,,,2025-10-05,
2026-kia-telluride-limited-stk00703,2026 Kia Telluride Limited,New Kia Telluride at the Downtown location with 0 miles and available status.,2025-09-18,STK00703,FAKEVIN00000000703,2026,Kia,Telluride,Limited,New,Available,Hatchback,Hybrid,Green,0,19326,28491,,9165,105,Airport,,,2025-09-18,
2022-hyundai-elantra-base-stk00704,2022 Hyundai Elantra Base,"Used Hyundai Elantra at the Downtown location with 79,269 miles and available status.",2025-09-07,STK00704,FAKEVIN00000000704,2022,Hyundai,Elantra,Base,Used,Available,Hatchback,Hybrid,White,79269,44334,48286,,3952,116,North Lot,,,2025-09-07,
2016-toyota-rav4-sel-stk00705,2016 Toyota RAV4 SEL,"Used Toyota RAV4 at the North Lot location with 31,193 miles and available status.",2025-12-17,STK00705,FAKEVIN00000000705,2016,Toyota,RAV4,SEL,Used,Available,Sedan,Electric,Silver,31193,74461,84159,,9698,15,Westside,,,2025-12-17,
2023-mercedes-benz-glc-300-ex-l-stk00706,2023 Mercedes-Benz GLC 300 EX-L,New Mercedes-Benz GLC 300 at the North Lot location with 0 miles and reserved status.,2025-08-03,STK00706,FAKEVIN00000000706,2023,Mercedes-Benz,GLC 300,EX-L,New,Reserved,SUV,Hybrid,Champagne,0,19496,22606,,3110,151,Downtown,,,2025-08-03,
2027-mercedes-benz-e-350-se-stk00707,2027 Mercedes-Benz E 350 SE,New Mercedes-Benz E 350 at the Westside location with 0 miles and reserved status.,2025-09-04,STK00707,FAKEVIN00000000707,2027,Mercedes-Benz,E 350,SE,New,Reserved,Hatchback,Electric,Green,0,38799,42537,,3738,119,North Lot,,,2025-09-04,
2018-toyota-camry-sport-stk00708,2018 Toyota Camry Sport,"Used Toyota Camry at the Downtown location with 46,676 miles and available status.",2025-07-21,STK00708,FAKEVIN00000000708,2018,Toyota,Camry,Sport,Used,Available,Coupe,Electric,Champagne,46676,48308,56272,,7964,164,Online Hold,,,2025-07-21,
2027-honda-cr-v-touring-stk00709,2027 Honda CR-V Touring,"Certified Honda CR-V at the North Lot location with 89,762 miles and available status.",2025-09-09,STK00709,FAKEVIN00000000709,2027,Honda,CR-V,Touring,Certified,Available,Hatchback,Gasoline,Silver,89762,70140,82494,,12354,114,North Lot,,,2025-09-09,
2027-chevrolet-silverado-xle-stk00710,2027 Chevrolet Silverado XLE,"Certified Chevrolet Silverado at the North Lot location with 95,589 miles and sold status.",2025-08-10,STK00710,FAKEVIN00000000710,2027,Chevrolet,Silverado,XLE,Certified,Sold,Truck,Hybrid,Silver,95589,66205,74881,73243,7038,144,North Lot,Joao Mendez,Walk-in,2025-08-10,2026-05-29
2020-chevrolet-traverse-ex-l-stk00711,2020 Chevrolet Traverse EX-L,"Used Chevrolet Traverse at the Downtown location with 59,309 miles and available status.",2025-08-11,STK00711,FAKEVIN00000000711,2020,Chevrolet,Traverse,EX-L,Used,Available,Truck,Hybrid,White,59309,74148,78035,,3887,143,Online Hold,,,2025-08-11,
2023-chevrolet-malibu-sel-stk00712,2023 Chevrolet Malibu SEL,"Certified Chevrolet Malibu at the Airport location with 5,243 miles and reserved status.",2025-09-15,STK00712,FAKEVIN00000000712,2023,Chevrolet,Malibu,SEL,Certified,Reserved,Truck,Hybrid,Blue,5243,73957,84613,,10656,108,Airport,,,2025-09-15,
2023-chevrolet-malibu-touring-stk00713,2023 Chevrolet Malibu Touring,"Certified Chevrolet Malibu at the Downtown location with 42,710 miles and in transit status.",2025-08-31,STK00713,FAKEVIN00000000713,2023,Chevrolet,Malibu,Touring,Certified,In Transit,Truck,Gasoline,Gray,42710,20248,25006,,4758,123,Airport,,,2025-08-31,
2021-nissan-frontier-base-stk00714,2021 Nissan Frontier Base,"Certified Nissan Frontier at the Online Hold location with 86,132 miles and available status.",2025-10-30,STK00714,FAKEVIN00000000714,2021,Nissan,Frontier,Base,Certified,Available,Van,Gasoline,Gray,86132,52916,57931,,5015,63,Westside,,,2025-10-30,
2025-honda-pilot-se-stk00715,2025 Honda Pilot SE,"Certified Honda Pilot at the Westside location with 47,085 miles and in transit status.",2025-11-20,STK00715,FAKEVIN00000000715,2025,Honda,Pilot,SE,Certified,In Transit,Van,Hybrid,Green,47085,17906,21059,,3153,42,North Lot,,,2025-11-20,
2026-tesla-model-s-xle-stk00716,2026 Tesla Model S XLE,"Certified Tesla Model S at the Westside location with 70,484 miles and available status.",2025-07-18,STK00716,FAKEVIN00000000716,2026,Tesla,Model S,XLE,Certified,Available,Sedan,Gasoline,Silver,70484,57926,64191,,6265,167,Online Hold,,,2025-07-18,
2017-nissan-rogue-xle-stk00717,2017 Nissan Rogue XLE,"Used Nissan Rogue at the Downtown location with 40,466 miles and available status.",2025-12-17,STK00717,FAKEVIN00000000717,2017,Nissan,Rogue,XLE,Used,Available,SUV,Diesel,Silver,40466,69743,74109,,4366,15,Downtown,,,2025-12-17,
2023-bmw-m240i-premium-stk00718,2023 BMW M240i Premium,New BMW M240i at the North Lot location with 0 miles and reserved status.,2025-10-29,STK00718,FAKEVIN00000000718,2023,BMW,M240i,Premium,New,Reserved,Hatchback,Hybrid,Silver,0,75544,84173,,8629,64,Westside,,,2025-10-29,
2024-chevrolet-traverse-ex-l-stk00719,2024 Chevrolet Traverse EX-L,"Used Chevrolet Traverse at the North Lot location with 84,776 miles and service hold status.",2025-12-13,STK00719,FAKEVIN00000000719,2024,Chevrolet,Traverse,EX-L,Used,Service Hold,Coupe,Diesel,Black,84776,40808,49163,,8355,19,Downtown,,,2025-12-13,
2025-nissan-altima-xle-stk00720,2025 Nissan Altima XLE,"Used Nissan Altima at the Westside location with 68,946 miles and sold status.",2025-07-11,STK00720,FAKEVIN00000000720,2025,Nissan,Altima,XLE,Used,Sold,Sedan,Electric,Blue,68946,56575,59808,57652,1077,174,Downtown,Miles Grant,Marketplace,2025-07-11,2026-07-17
2021-kia-sorento-platinum-stk00721,2021 Kia Sorento Platinum,"Certified Kia Sorento at the North Lot location with 64,291 miles and available status.",2025-09-24,STK00721,FAKEVIN00000000721,2021,Kia,Sorento,Platinum,Certified,Available,Van,Gasoline,Gray,64291,68926,74631,,5705,99,North Lot,,,2025-09-24,
2023-toyota-tacoma-premium-stk00722,2023 Toyota Tacoma Premium,"Used Toyota Tacoma at the Airport location with 23,350 miles and reserved status.",2025-10-11,STK00722,FAKEVIN00000000722,2023,Toyota,Tacoma,Premium,Used,Reserved,Truck,Hybrid,Gray,23350,31378,43144,,11766,82,Westside,,,2025-10-11,
2021-ford-mustang-se-stk00723,2021 Ford Mustang SE,"Certified Ford Mustang at the Downtown location with 39,503 miles and reserved status.",2025-11-19,STK00723,FAKEVIN00000000723,2021,Ford,Mustang,SE,Certified,Reserved,Coupe,Gasoline,Blue,39503,28659,38425,,9766,43,North Lot,,,2025-11-19,
2021-chevrolet-traverse-sel-stk00724,2021 Chevrolet Traverse SEL,"Used Chevrolet Traverse at the Westside location with 7,250 miles and reserved status.",2025-07-21,STK00724,FAKEVIN00000000724,2021,Chevrolet,Traverse,SEL,Used,Reserved,Coupe,Hybrid,Red,7250,73342,85427,,12085,164,Westside,,,2025-07-21,
2023-chevrolet-tahoe-sel-stk00725,2023 Chevrolet Tahoe SEL,"Certified Chevrolet Tahoe at the North Lot location with 84,617 miles and available status.",2025-07-21,STK00725,FAKEVIN00000000725,2023,Chevrolet,Tahoe,SEL,Certified,Available,SUV,Electric,Blue,84617,29141,40270,,11129,164,North Lot,,,2025-07-21,
2022-tesla-model-x-touring-stk00726,2022 Tesla Model X Touring,"Used Tesla Model X at the Downtown location with 90,793 miles and available status.",2025-08-03,STK00726,FAKEVIN00000000726,2022,Tesla,Model X,Touring,Used,Available,Hatchback,Diesel,Gray,90793,34360,41209,,6849,151,Online Hold,,,2025-08-03,
2026-mercedes-benz-cla-250-platinum-stk00727,2026 Mercedes-Benz CLA 250 Platinum,New Mercedes-Benz CLA 250 at the Online Hold location with 0 miles and available status.,2025-11-20,STK00727,FAKEVIN00000000727,2026,Mercedes-Benz,CLA 250,Platinum,New,Available,Truck,Diesel,Black,0,34430,39953,,5523,42,Westside,,,2025-11-20,
2016-tesla-model-x-touring-stk00728,2016 Tesla Model X Touring,"Used Tesla Model X at the North Lot location with 18,287 miles and in transit status.",2025-12-12,STK00728,FAKEVIN00000000728,2016,Tesla,Model X,Touring,Used,In Transit,Coupe,Electric,Gray,18287,60116,70987,,10871,20,North Lot,,,2025-12-12,
2021-kia-sorento-xle-stk00729,2021 Kia Sorento XLE,"Used Kia Sorento at the Online Hold location with 88,611 miles and available status.",2025-11-04,STK00729,FAKEVIN00000000729,2021,Kia,Sorento,XLE,Used,Available,Coupe,Gasoline,Green,88611,54030,57916,,3886,58,Westside,,,2025-11-04,
2026-kia-sportage-xle-stk00730,2026 Kia Sportage XLE,"Certified Kia Sportage at the Downtown location with 14,938 miles and sold status.",2025-08-05,STK00730,FAKEVIN00000000730,2026,Kia,Sportage,XLE,Certified,Sold,Coupe,Electric,White,14938,68527,75844,74760,6233,149,Downtown,Mateo Silva,Walk-in,2025-08-05,2026-02-15
2017-honda-pilot-base-stk00731,2017 Honda Pilot Base,"Used Honda Pilot at the Downtown location with 93,883 miles and available status.",2025-08-11,STK00731,FAKEVIN00000000731,2017,Honda,Pilot,Base,Used,Available,Van,Hybrid,Champagne,93883,66113,71711,,5598,143,Westside,,,2025-08-11,
2021-nissan-sentra-limited-stk00732,2021 Nissan Sentra Limited,"Certified Nissan Sentra at the Airport location with 87,400 miles and available status.",2025-12-18,STK00732,FAKEVIN00000000732,2021,Nissan,Sentra,Limited,Certified,Available,Hatchback,Hybrid,Blue,87400,68015,73928,,5913,14,Airport,,,2025-12-18,
2019-bmw-x5-base-stk00733,2019 BMW X5 Base,"Used BMW X5 at the Online Hold location with 32,549 miles and reserved status.",2025-10-13,STK00733,FAKEVIN00000000733,2019,BMW,X5,Base,Used,Reserved,Truck,Hybrid,Green,32549,56094,62514,,6420,80,Westside,,,2025-10-13,
2027-nissan-pathfinder-ex-l-stk00734,2027 Nissan Pathfinder EX-L,New Nissan Pathfinder at the Online Hold location with 0 miles and sold status.,2025-09-24,STK00734,FAKEVIN00000000734,2027,Nissan,Pathfinder,EX-L,New,Sold,Sedan,Hybrid,Green,0,67010,76622,76251,9241,99,North Lot,Priya Shah,Website,2025-09-24,2026-02-22
2017-tesla-model-y-ex-l-stk00735,2017 Tesla Model Y EX-L,"Used Tesla Model Y at the North Lot location with 7,751 miles and sold status.",2025-11-23,STK00735,FAKEVIN00000000735,2017,Tesla,Model Y,EX-L,Used,Sold,Hatchback,Diesel,Red,7751,54784,63924,62648,7864,39,North Lot,Noah Kim,Phone,2025-11-23,2026-04-18
2023-mercedes-benz-cla-250-touring-stk00736,2023 Mercedes-Benz CLA 250 Touring,"Used Mercedes-Benz CLA 250 at the Airport location with 16,136 miles and reserved status.",2025-10-18,STK00736,FAKEVIN00000000736,2023,Mercedes-Benz,CLA 250,Touring,Used,Reserved,SUV,Diesel,Champagne,16136,66201,70136,,3935,75,Westside,,,2025-10-18,
2018-tesla-model-x-premium-stk00737,2018 Tesla Model X Premium,"Used Tesla Model X at the North Lot location with 10,013 miles and available status.",2025-09-24,STK00737,FAKEVIN00000000737,2018,Tesla,Model X,Premium,Used,Available,Sedan,Diesel,Black,10013,18709,22190,,3481,99,Downtown,,,2025-09-24,
2024-bmw-m240i-se-stk00738,2024 BMW M240i SE,New BMW M240i at the Westside location with 0 miles and available status.,2025-08-21,STK00738,FAKEVIN00000000738,2024,BMW,M240i,SE,New,Available,Truck,Hybrid,Gray,0,57211,66105,,8894,133,Airport,,,2025-08-21,
2025-mercedes-benz-e-350-limited-stk00739,2025 Mercedes-Benz E 350 Limited,"Used Mercedes-Benz E 350 at the Online Hold location with 20,734 miles and available status.",2025-08-12,STK00739,FAKEVIN00000000739,2025,Mercedes-Benz,E 350,Limited,Used,Available,Van,Gasoline,Green,20734,41227,46486,,5259,142,North Lot,,,2025-08-12,
2020-bmw-m240i-limited-stk00740,2020 BMW M240i Limited,"Used BMW M240i at the Online Hold location with 87,467 miles and available status.",2025-12-11,STK00740,FAKEVIN00000000740,2020,BMW,M240i,Limited,Used,Available,Van,Gasoline,Green,87467,28299,32691,,4392,21,Downtown,,,2025-12-11,
2024-tesla-model-3-limited-stk00741,2024 Tesla Model 3 Limited,"Used Tesla Model 3 at the Westside location with 87,934 miles and available status.",2025-10-12,STK00741,FAKEVIN00000000741,2024,Tesla,Model 3,Limited,Used,Available,Van,Gasoline,Silver,87934,61859,70451,,8592,81,Westside,,,2025-10-12,
2023-honda-ridgeline-se-stk00742,2023 Honda Ridgeline SE,"Used Honda Ridgeline at the Online Hold location with 92,564 miles and sold status.",2025-09-11,STK00742,FAKEVIN00000000742,2023,Honda,Ridgeline,SE,Used,Sold,Hatchback,Electric,Black,92564,71232,77654,76667,5435,112,Online Hold,Joao Mendez,Referral,2025-09-11,2026-03-03
2024-bmw-m240i-limited-stk00743,2024 BMW M240i Limited,New BMW M240i at the Westside location with 0 miles and available status.,2025-08-02,STK00743,FAKEVIN00000000743,2024,BMW,M240i,Limited,New,Available,Truck,Diesel,Green,0,43316,45528,,2212,152,Westside,,,2025-08-02,
2022-kia-telluride-touring-stk00744,2022 Kia Telluride Touring,New Kia Telluride at the North Lot location with 0 miles and available status.,2025-11-22,STK00744,FAKEVIN00000000744,2022,Kia,Telluride,Touring,New,Available,Van,Gasoline,White,0,34962,44546,,9584,40,Downtown,,,2025-11-22,
2027-chevrolet-malibu-premium-stk00745,2027 Chevrolet Malibu Premium,"Certified Chevrolet Malibu at the Online Hold location with 56,961 miles and sold status.",2025-11-24,STK00745,FAKEVIN00000000745,2027,Chevrolet,Malibu,Premium,Certified,Sold,Truck,Hybrid,Gray,56961,64118,69297,67362,3244,38,Westside,Ana Costa,Referral,2025-11-24,2026-04-24
2019-mercedes-benz-glc-300-se-stk00746,2019 Mercedes-Benz GLC 300 SE,"Used Mercedes-Benz GLC 300 at the North Lot location with 34,535 miles and available status.",2025-09-12,STK00746,FAKEVIN00000000746,2019,Mercedes-Benz,GLC 300,SE,Used,Available,Sedan,Gasoline,White,34535,33860,42317,,8457,111,North Lot,,,2025-09-12,
2023-hyundai-elantra-ex-l-stk00747,2023 Hyundai Elantra EX-L,"Certified Hyundai Elantra at the Online Hold location with 15,281 miles and service hold status.",2025-10-09,STK00747,FAKEVIN00000000747,2023,Hyundai,Elantra,EX-L,Certified,Service Hold,Truck,Hybrid,Champagne,15281,51787,59860,,8073,84,North Lot,,,2025-10-09,
2025-ford-bronco-sport-ex-l-stk00748,2025 Ford Bronco Sport EX-L,"Used Ford Bronco Sport at the Downtown location with 81,497 miles and available status.",2025-09-02,STK00748,FAKEVIN00000000748,2025,Ford,Bronco Sport,EX-L,Used,Available,Hatchback,Electric,Silver,81497,64930,67704,,2774,121,Westside,,,2025-09-02,
2022-bmw-m240i-platinum-stk00749,2022 BMW M240i Platinum,"Used BMW M240i at the Airport location with 87,691 miles and available status.",2025-07-30,STK00749,FAKEVIN00000000749,2022,BMW,M240i,Platinum,Used,Available,Sedan,Hybrid,Gray,87691,23826,28984,,5158,155,Airport,,,2025-07-30,
2025-hyundai-santa-fe-limited-stk00750,2025 Hyundai Santa Fe Limited,"Certified Hyundai Santa Fe at the Airport location with 33,419 miles and sold status.",2025-11-29,STK00750,FAKEVIN00000000750,2025,Hyundai,Santa Fe,Limited,Certified,Sold,Sedan,Electric,Red,33419,44424,53137,51183,6759,33,North Lot,Priya Shah,Walk-in,2025-11-29,2026-07-24
2027-tesla-model-s-platinum-stk00751,2027 Tesla Model S Platinum,"Certified Tesla Model S at the North Lot location with 63,998 miles and reserved status.",2025-07-10,STK00751,FAKEVIN00000000751,2027,Tesla,Model S,Platinum,Certified,Reserved,Truck,Electric,Red,63998,36969,46377,,9408,175,Downtown,,,2025-07-10,
2027-hyundai-tucson-sport-stk00752,2027 Hyundai Tucson Sport,New Hyundai Tucson at the North Lot location with 0 miles and available status.,2025-09-02,STK00752,FAKEVIN00000000752,2027,Hyundai,Tucson,Sport,New,Available,Van,Gasoline,Gray,0,18611,30724,,12113,121,Westside,,,2025-09-02,
2019-nissan-sentra-base-stk00753,2019 Nissan Sentra Base,"Used Nissan Sentra at the North Lot location with 40,588 miles and service hold status.",2025-09-16,STK00753,FAKEVIN00000000753,2019,Nissan,Sentra,Base,Used,Service Hold,Truck,Gasoline,Red,40588,47460,58390,,10930,107,Downtown,,,2025-09-16,
2023-toyota-tacoma-sel-stk00754,2023 Toyota Tacoma SEL,New Toyota Tacoma at the Downtown location with 0 miles and service hold status.,2025-10-18,STK00754,FAKEVIN00000000754,2023,Toyota,Tacoma,SEL,New,Service Hold,Truck,Diesel,Champagne,0,63680,71939,,8259,75,Online Hold,,,2025-10-18,
2020-bmw-m240i-touring-stk00755,2020 BMW M240i Touring,"Used BMW M240i at the Westside location with 10,474 miles and available status.",2025-12-20,STK00755,FAKEVIN00000000755,2020,BMW,M240i,Touring,Used,Available,Hatchback,Gasoline,Red,10474,57206,66127,,8921,12,Online Hold,,,2025-12-20,
2025-chevrolet-equinox-platinum-stk00756,2025 Chevrolet Equinox Platinum,"Used Chevrolet Equinox at the Westside location with 16,876 miles and available status.",2025-09-14,STK00756,FAKEVIN00000000756,2025,Chevrolet,Equinox,Platinum,Used,Available,Coupe,Electric,Champagne,16876,34312,46345,,12033,109,Downtown,,,2025-09-14,
2025-bmw-x5-se-stk00757,2025 BMW X5 SE,New BMW X5 at the Westside location with 0 miles and available status.,2025-09-11,STK00757,FAKEVIN00000000757,2025,BMW,X5,SE,New,Available,Coupe,Gasoline,Green,0,25369,31883,,6514,112,Downtown,,,2025-09-11,
2026-chevrolet-traverse-platinum-stk00758,2026 Chevrolet Traverse Platinum,New Chevrolet Traverse at the North Lot location with 0 miles and reserved status.,2025-09-21,STK00758,FAKEVIN00000000758,2026,Chevrolet,Traverse,Platinum,New,Reserved,Sedan,Gasoline,Silver,0,55825,62511,,6686,102,Downtown,,,2025-09-21,
2026-honda-cr-v-xle-stk00759,2026 Honda CR-V XLE,New Honda CR-V at the Downtown location with 0 miles and available status.,2025-07-11,STK00759,FAKEVIN00000000759,2026,Honda,CR-V,XLE,New,Available,Hatchback,Hybrid,White,0,28733,38955,,10222,174,North Lot,,,2025-07-11,
2026-toyota-corolla-premium-stk00760,2026 Toyota Corolla Premium,"Certified Toyota Corolla at the North Lot location with 31,499 miles and available status.",2025-10-16,STK00760,FAKEVIN00000000760,2026,Toyota,Corolla,Premium,Certified,Available,SUV,Electric,Black,31499,49629,51373,,1744,77,Airport,,,2025-10-16,
2017-mercedes-benz-glc-300-base-stk00761,2017 Mercedes-Benz GLC 300 Base,"Used Mercedes-Benz GLC 300 at the Downtown location with 82,868 miles and reserved status.",2025-08-30,STK00761,FAKEVIN00000000761,2017,Mercedes-Benz,GLC 300,Base,Used,Reserved,Coupe,Electric,Champagne,82868,76595,82379,,5784,124,Westside,,,2025-08-30,
2023-bmw-x5-premium-stk00762,2023 BMW X5 Premium,"Certified BMW X5 at the Online Hold location with 57,570 miles and in transit status.",2025-09-30,STK00762,FAKEVIN00000000762,2023,BMW,X5,Premium,Certified,In Transit,Truck,Diesel,Champagne,57570,66702,75121,,8419,93,North Lot,,,2025-09-30,
2022-chevrolet-malibu-sel-stk00763,2022 Chevrolet Malibu SEL,"Certified Chevrolet Malibu at the North Lot location with 85,625 miles and available status.",2025-08-25,STK00763,FAKEVIN00000000763,2022,Chevrolet,Malibu,SEL,Certified,Available,Van,Hybrid,Silver,85625,60047,66168,,6121,129,Online Hold,,,2025-08-25,
2021-mercedes-benz-c-300-base-stk00764,2021 Mercedes-Benz C 300 Base,"Certified Mercedes-Benz C 300 at the Airport location with 14,875 miles and available status.",2025-08-17,STK00764,FAKEVIN00000000764,2021,Mercedes-Benz,C 300,Base,Certified,Available,Hatchback,Hybrid,Gray,14875,69787,80387,,10600,137,North Lot,,,2025-08-17,
2027-bmw-x5-xle-stk00765,2027 BMW X5 XLE,"Certified BMW X5 at the Westside location with 23,811 miles and available status.",2025-12-25,STK00765,FAKEVIN00000000765,2027,BMW,X5,XLE,Certified,Available,Van,Electric,Green,23811,74787,83786,,8999,7,Airport,,,2025-12-25,
2025-nissan-sentra-xle-stk00766,2025 Nissan Sentra XLE,"Used Nissan Sentra at the North Lot location with 74,114 miles and available status.",2025-08-02,STK00766,FAKEVIN00000000766,2025,Nissan,Sentra,XLE,Used,Available,Coupe,Gasoline,Red,74114,39750,47828,,8078,152,Westside,,,2025-08-02,
2020-bmw-330i-limited-stk00767,2020 BMW 330i Limited,"Used BMW 330i at the Airport location with 16,118 miles and available status.",2025-08-10,STK00767,FAKEVIN00000000767,2020,BMW,330i,Limited,Used,Available,Sedan,Electric,Champagne,16118,67360,70354,,2994,144,Downtown,,,2025-08-10,
2021-toyota-highlander-platinum-stk00768,2021 Toyota Highlander Platinum,New Toyota Highlander at the Airport location with 0 miles and available status.,2025-11-15,STK00768,FAKEVIN00000000768,2021,Toyota,Highlander,Platinum,New,Available,Van,Electric,Blue,0,38010,46355,,8345,47,Westside,,,2025-11-15,
2017-toyota-highlander-platinum-stk00769,2017 Toyota Highlander Platinum,"Used Toyota Highlander at the Online Hold location with 6,791 miles and sold status.",2025-10-30,STK00769,FAKEVIN00000000769,2017,Toyota,Highlander,Platinum,Used,Sold,SUV,Electric,Champagne,6791,23230,27959,26686,3456,63,Airport,Ana Costa,Website,2025-10-30,2026-01-16
2024-nissan-sentra-sport-stk00770,2024 Nissan Sentra Sport,New Nissan Sentra at the Online Hold location with 0 miles and available status.,2025-09-25,STK00770,FAKEVIN00000000770,2024,Nissan,Sentra,Sport,New,Available,Coupe,Hybrid,Red,0,72163,77638,,5475,98,North Lot,,,2025-09-25,
2020-toyota-camry-platinum-stk00771,2020 Toyota Camry Platinum,"Used Toyota Camry at the Online Hold location with 60,682 miles and available status.",2025-12-10,STK00771,FAKEVIN00000000771,2020,Toyota,Camry,Platinum,Used,Available,SUV,Electric,White,60682,18921,21844,,2923,22,Downtown,,,2025-12-10,
2020-nissan-rogue-se-stk00772,2020 Nissan Rogue SE,"Used Nissan Rogue at the Westside location with 17,138 miles and sold status.",2025-11-18,STK00772,FAKEVIN00000000772,2020,Nissan,Rogue,SE,Used,Sold,Coupe,Gasoline,Silver,17138,56909,64868,63984,7075,44,Online Hold,Ana Costa,Marketplace,2025-11-18,2026-01-11
2023-chevrolet-equinox-touring-stk00773,2023 Chevrolet Equinox Touring,New Chevrolet Equinox at the Airport location with 0 miles and in transit status.,2025-12-09,STK00773,FAKEVIN00000000773,2023,Chevrolet,Equinox,Touring,New,In Transit,Van,Hybrid,Black,0,30443,38340,,7897,23,Downtown,,,2025-12-09,
2021-toyota-highlander-sport-stk00774,2021 Toyota Highlander Sport,"Used Toyota Highlander at the Online Hold location with 27,263 miles and available status.",2025-10-23,STK00774,FAKEVIN00000000774,2021,Toyota,Highlander,Sport,Used,Available,Hatchback,Hybrid,Silver,27263,71529,75420,,3891,70,Westside,,,2025-10-23,
2022-nissan-sentra-limited-stk00775,2022 Nissan Sentra Limited,New Nissan Sentra at the Downtown location with 0 miles and in transit status.,2025-11-19,STK00775,FAKEVIN00000000775,2022,Nissan,Sentra,Limited,New,In Transit,Hatchback,Hybrid,Blue,0,30844,38997,,8153,43,North Lot,,,2025-11-19,
2024-ford-mustang-sel-stk00776,2024 Ford Mustang SEL,New Ford Mustang at the Westside location with 0 miles and available status.,2025-07-19,STK00776,FAKEVIN00000000776,2024,Ford,Mustang,SEL,New,Available,SUV,Diesel,Black,0,69377,79466,,10089,166,Downtown,,,2025-07-19,
2022-mercedes-benz-cla-250-ex-l-stk00777,2022 Mercedes-Benz CLA 250 EX-L,New Mercedes-Benz CLA 250 at the North Lot location with 0 miles and available status.,2025-10-24,STK00777,FAKEVIN00000000777,2022,Mercedes-Benz,CLA 250,EX-L,New,Available,SUV,Electric,Blue,0,20926,29275,,8349,69,Westside,,,2025-10-24,
2020-mercedes-benz-glc-300-platinum-stk00778,2020 Mercedes-Benz GLC 300 Platinum,"Used Mercedes-Benz GLC 300 at the North Lot location with 36,815 miles and in transit status.",2025-10-04,STK00778,FAKEVIN00000000778,2020,Mercedes-Benz,GLC 300,Platinum,Used,In Transit,Hatchback,Electric,Green,36815,36767,42203,,5436,89,Online Hold,,,2025-10-04,
2024-bmw-m240i-limited-stk00779,2024 BMW M240i Limited,"Used BMW M240i at the Westside location with 32,572 miles and available status.",2025-12-18,STK00779,FAKEVIN00000000779,2024,BMW,M240i,Limited,Used,Available,SUV,Hybrid,Black,32572,46519,50066,,3547,14,Airport,,,2025-12-18,
2025-mercedes-benz-c-300-premium-stk00780,2025 Mercedes-Benz C 300 Premium,New Mercedes-Benz C 300 at the Airport location with 0 miles and available status.,2025-12-11,STK00780,FAKEVIN00000000780,2025,Mercedes-Benz,C 300,Premium,New,Available,Coupe,Gasoline,Red,0,43628,49315,,5687,21,Downtown,,,2025-12-11,
2021-kia-sorento-sel-stk00781,2021 Kia Sorento SEL,"Used Kia Sorento at the Westside location with 32,769 miles and available status.",2025-09-01,STK00781,FAKEVIN00000000781,2021,Kia,Sorento,SEL,Used,Available,Sedan,Diesel,Champagne,32769,70432,74667,,4235,122,Airport,,,2025-09-01,
2023-hyundai-palisade-se-stk00782,2023 Hyundai Palisade SE,"Certified Hyundai Palisade at the Airport location with 87,189 miles and in transit status.",2025-08-31,STK00782,FAKEVIN00000000782,2023,Hyundai,Palisade,SE,Certified,In Transit,Sedan,Hybrid,Black,87189,55623,63564,,7941,123,Airport,,,2025-08-31,
2023-honda-ridgeline-sport-stk00783,2023 Honda Ridgeline Sport,"Used Honda Ridgeline at the Airport location with 89,548 miles and available status.",2025-09-09,STK00783,FAKEVIN00000000783,2023,Honda,Ridgeline,Sport,Used,Available,Van,Diesel,Black,89548,48906,60323,,11417,114,Airport,,,2025-09-09,
2022-chevrolet-traverse-base-stk00784,2022 Chevrolet Traverse Base,"Used Chevrolet Traverse at the Downtown location with 94,880 miles and available status.",2025-08-31,STK00784,FAKEVIN00000000784,2022,Chevrolet,Traverse,Base,Used,Available,Hatchback,Electric,White,94880,65252,69916,,4664,123,Downtown,,,2025-08-31,
2021-nissan-sentra-base-stk00785,2021 Nissan Sentra Base,"Used Nissan Sentra at the Airport location with 77,937 miles and available status.",2025-07-10,STK00785,FAKEVIN00000000785,2021,Nissan,Sentra,Base,Used,Available,Sedan,Diesel,Gray,77937,51897,59688,,7791,175,Downtown,,,2025-07-10,
2027-ford-f-150-premium-stk00786,2027 Ford F-150 Premium,"Certified Ford F-150 at the Online Hold location with 77,404 miles and available status.",2025-09-30,STK00786,FAKEVIN00000000786,2027,Ford,F-150,Premium,Certified,Available,SUV,Hybrid,Champagne,77404,27999,37593,,9594,93,Airport,,,2025-09-30,
2019-kia-soul-touring-stk00787,2019 Kia Soul Touring,"Used Kia Soul at the Downtown location with 6,093 miles and available status.",2025-07-29,STK00787,FAKEVIN00000000787,2019,Kia,Soul,Touring,Used,Available,Hatchback,Hybrid,Gray,6093,71182,81835,,10653,156,North Lot,,,2025-07-29,
2021-chevrolet-silverado-limited-stk00788,2021 Chevrolet Silverado Limited,"Used Chevrolet Silverado at the Downtown location with 77,891 miles and sold status.",2025-11-16,STK00788,FAKEVIN00000000788,2021,Chevrolet,Silverado,Limited,Used,Sold,Truck,Hybrid,Gray,77891,33420,40768,39500,6080,46,Online Hold,Ana Costa,Referral,2025-11-16,2026-03-02
2019-toyota-corolla-xle-stk00789,2019 Toyota Corolla XLE,"Used Toyota Corolla at the Online Hold location with 13,718 miles and available status.",2025-10-27,STK00789,FAKEVIN00000000789,2019,Toyota,Corolla,XLE,Used,Available,Hatchback,Gasoline,Red,13718,35910,46327,,10417,66,Online Hold,,,2025-10-27,
2024-chevrolet-malibu-base-stk00790,2024 Chevrolet Malibu Base,New Chevrolet Malibu at the North Lot location with 0 miles and available status.,2025-07-07,STK00790,FAKEVIN00000000790,2024,Chevrolet,Malibu,Base,New,Available,Truck,Hybrid,Green,0,40108,44183,,4075,178,Downtown,,,2025-07-07,
2023-chevrolet-traverse-ex-l-stk00791,2023 Chevrolet Traverse EX-L,"Certified Chevrolet Traverse at the Downtown location with 5,869 miles and reserved status.",2025-07-19,STK00791,FAKEVIN00000000791,2023,Chevrolet,Traverse,EX-L,Certified,Reserved,Van,Electric,Green,5869,75130,82196,,7066,166,North Lot,,,2025-07-19,
2022-kia-soul-limited-stk00792,2022 Kia Soul Limited,"Used Kia Soul at the Online Hold location with 86,655 miles and sold status.",2025-11-26,STK00792,FAKEVIN00000000792,2022,Kia,Soul,Limited,Used,Sold,Coupe,Gasoline,Red,86655,52528,62175,60018,7490,36,Online Hold,Iris Chen,Referral,2025-11-26,2026-02-15
2027-ford-bronco-sport-limited-stk00793,2027 Ford Bronco Sport Limited,"Certified Ford Bronco Sport at the North Lot location with 73,385 miles and available status.",2025-09-18,STK00793,FAKEVIN00000000793,2027,Ford,Bronco Sport,Limited,Certified,Available,SUV,Hybrid,Blue,73385,64162,72448,,8286,105,Airport,,,2025-09-18,
2025-kia-soul-se-stk00794,2025 Kia Soul SE,"Used Kia Soul at the Online Hold location with 16,197 miles and reserved status.",2025-08-18,STK00794,FAKEVIN00000000794,2025,Kia,Soul,SE,Used,Reserved,SUV,Gasoline,Green,16197,56442,60993,,4551,136,Westside,,,2025-08-18,
2020-hyundai-santa-fe-base-stk00795,2020 Hyundai Santa Fe Base,"Used Hyundai Santa Fe at the Downtown location with 33,939 miles and available status.",2025-08-15,STK00795,FAKEVIN00000000795,2020,Hyundai,Santa Fe,Base,Used,Available,Van,Gasoline,White,33939,19944,25568,,5624,139,Online Hold,,,2025-08-15,
2027-kia-soul-platinum-stk00796,2027 Kia Soul Platinum,New Kia Soul at the Airport location with 0 miles and available status.,2025-09-24,STK00796,FAKEVIN00000000796,2027,Kia,Soul,Platinum,New,Available,Hatchback,Electric,Silver,0,52183,60730,,8547,99,Airport,,,2025-09-24,
2025-chevrolet-equinox-sport-stk00797,2025 Chevrolet Equinox Sport,New Chevrolet Equinox at the Airport location with 0 miles and available status.,2025-10-31,STK00797,FAKEVIN00000000797,2025,Chevrolet,Equinox,Sport,New,Available,Van,Gasoline,White,0,54564,66500,,11936,62,Westside,,,2025-10-31,
2017-toyota-highlander-platinum-stk00798,2017 Toyota Highlander Platinum,"Used Toyota Highlander at the North Lot location with 51,718 miles and available status.",2025-09-03,STK00798,FAKEVIN00000000798,2017,Toyota,Highlander,Platinum,Used,Available,SUV,Hybrid,Green,51718,63422,69347,,5925,120,Airport,,,2025-09-03,
2018-mercedes-benz-gle-350-platinum-stk00799,2018 Mercedes-Benz GLE 350 Platinum,"Used Mercedes-Benz GLE 350 at the Airport location with 44,007 miles and reserved status.",2025-07-12,STK00799,FAKEVIN00000000799,2018,Mercedes-Benz,GLE 350,Platinum,Used,Reserved,SUV,Hybrid,Champagne,44007,64306,73317,,9011,173,Online Hold,,,2025-07-12,
2024-tesla-model-y-premium-stk00800,2024 Tesla Model Y Premium,"Used Tesla Model Y at the Downtown location with 88,073 miles and available status.",2025-09-23,STK00800,FAKEVIN00000000800,2024,Tesla,Model Y,Premium,Used,Available,SUV,Hybrid,Champagne,88073,74710,82692,,7982,100,Online Hold,,,2025-09-23,
